speciescode,speciesname,sub_unit,levelReport,season_selected,keywintering,annex_i,annex_ii_partA,annex_ii_partB,distribution_surface_area,population_minimum_size_raw,population_maximum_size_raw,population_minimum_size,population_maximum_size,population_size_unit,population_trend,population_trend_long,red_list_cat,conclusion_status_label,contribution_target1,red_list_cat_prev,conclusion_status_label_prev,season_reported,taxOrder,taxFamily,taxGroup_en,taxFamily_en
A001,Gavia stellata,,,B,N,Y,N,N,392000,3053,4706,3000,4800,p,S,I,LC,Secure,A,LC,Secure,"B,W",Gaviiformes,Gaviidae,Loons or Divers,Loons/divers
A002,Gavia arctica,,,B,N,Y,N,N,634000,14821,19404,14800,19500,p,I,I,LC,Secure,A,LC,Secure,"B,W",Gaviiformes,Gaviidae,Loons or Divers,Loons/divers
A003,Gavia immer,,,W,Y,Y,N,N,,6902,7647,6900,7700,i,S,I,LC,Secure,A,VU,Threatened,W,Gaviiformes,Gaviidae,Loons or Divers,Loons/divers
A004,Tachybaptus ruficollis,,,B,N,N,N,N,1370000,71777,125351,71700,126000,p,S,S,LC,Secure,A,LC,Secure,"B,W",Podicipediformes,Podicipedidae,Grebes,Grebes
A005,Podiceps cristatus,,,B,N,N,N,N,1310000,183506,262947,183000,263000,p,D,D,LC,Secure,A,LC,Secure,"B,W",Podicipediformes,Podicipedidae,Grebes,Grebes
A006,Podiceps grisegena,,,B,N,N,N,N,342000,7692,12022,7600,12100,p,D,D,VU A2bcde+3bcde+4bcde,Threatened,C,LC,Secure,B,Podicipediformes,Podicipedidae,Grebes,Grebes
A007,Podiceps auritus,,,B,N,Y,N,N,453000,4481,5692,4400,5700,p,D,D,VU C1,Threatened,C,VU,Threatened,"B,W",Podicipediformes,Podicipedidae,Grebes,Grebes
A008,Podiceps nigricollis,,,B,N,N,N,N,106000,8643,14669,8600,14700,p,D,D,LC,Secure,A,LC,Secure,"B,W",Podicipediformes,Podicipedidae,Grebes,Grebes
A009,Fulmarus glacialis,,,B,N,N,N,N,70800,228888,714869,228000,715000,p,D,D,EN A4abcde,Threatened,C,VU,Threatened,B,Procellariiformes,Procellariidae,"Petrels, Storm-petrels and Shearwaters",Petrels and shearwaters
A013,Puffinus puffinus,,,B,N,N,N,N,4700,315861,358748,315000,359000,p,Unk,Unk,LC,Unknown,E,LC,Unknown,B,Procellariiformes,Procellariidae,"Petrels, Storm-petrels and Shearwaters",Petrels and shearwaters
A014,Hydrobates pelagicus,,,B,N,Y,N,N,25800,135067,153647,135000,154000,p,Unk,Unk,LC,Unknown,E,LC,Unknown,B,Procellariiformes,Hydrobatidae,"Petrels, Storm-petrels and Shearwaters",Northern storm-petrels
A016,Morus bassanus,,,B,N,N,N,N,2600,360711,360912,360000,361000,p,I,I,LC,Secure,A,LC,Secure,B,Suliformes,Sulidae,Gannets and Cormorants,Gannets
A017,Phalacrocorax carbo,,,B,N,N,N,N,437000,222265,266176,222000,267000,p,I,I,LC,Secure,A,LC,Secure,"B,W",Suliformes,Phalacrocoracidae,Gannets and Cormorants,Cormorants
A018,Phalacrocorax aristotelis,,Species-level,B,N,N,N,N,143000,35404,44338,35400,44400,p,S,D,LC,Depleted,B,NT,Near Threatened,"B,W",Suliformes,Phalacrocoracidae,Gannets and Cormorants,Cormorants
A019,Pelecanus onocrotalus,,,B,N,Y,N,N,800,4713,5731,4700,5800,p,I,S,LC,Secure,A,LC,Secure,"B,W",Pelecaniformes,Pelecanidae,"Herons, Pelicans, Ibises and Spoonbills",Pelicans
A020,Pelecanus crispus,,,B,N,Y,N,N,4600,2268,2670,2200,2700,p,I,I,LC,Secure,A,LC,Secure,"B,W",Pelecaniformes,Pelecanidae,"Herons, Pelicans, Ibises and Spoonbills",Pelicans
A021,Botaurus stellaris,,,B,N,Y,N,N,391000,11242,19048,11200,19100,cmales,S,U,LC,Secure,A,LC,Secure,"B,W",Pelecaniformes,Ardeidae,"Herons, Pelicans, Ibises and Spoonbills",Herons
A022,Ixobrychus minutus,,,B,N,Y,N,N,260000,20754,36457,20700,36500,p,Unk,S,LC,Unknown,E,LC,Unknown,B,Pelecaniformes,Ardeidae,"Herons, Pelicans, Ibises and Spoonbills",Herons
A023,Nycticorax nycticorax,,,B,N,Y,N,N,151000,25975,36004,25900,36100,p,S,S,LC,Secure,A,LC,Secure,B,Pelecaniformes,Ardeidae,"Herons, Pelicans, Ibises and Spoonbills",Herons
A024,Ardeola ralloides,,,B,N,Y,N,N,56600,6369,10545,6300,10600,p,D,I,LC,Secure,A,LC,Secure,B,Pelecaniformes,Ardeidae,"Herons, Pelicans, Ibises and Spoonbills",Herons
A025,Bubulcus ibis,,,B,N,N,N,N,129000,64378,77673,64300,77700,p,I,I,LC,Secure,A,LC,Secure,B,Pelecaniformes,Ardeidae,"Herons, Pelicans, Ibises and Spoonbills",Herons
A026,Egretta garzetta,,,B,N,Y,N,N,230000,39194,47910,39100,48000,p,D,I,LC,Secure,A,LC,Secure,"B,W",Pelecaniformes,Ardeidae,"Herons, Pelicans, Ibises and Spoonbills",Herons
A028,Ardea cinerea,,,B,N,N,N,N,1230000,127950,149925,127000,150000,p,D,I,LC,Secure,A,LC,Secure,B,Pelecaniformes,Ardeidae,"Herons, Pelicans, Ibises and Spoonbills",Herons
A029,Ardea purpurea,,,B,N,Y,N,N,125000,10791,12705,10700,12800,p,D,I,LC,Secure,A,LC,Secure,B,Pelecaniformes,Ardeidae,"Herons, Pelicans, Ibises and Spoonbills",Herons
A030,Ciconia nigra,,,B,N,Y,N,N,450000,5896,8421,5800,8500,p,D,I,LC,Secure,A,LC,Secure,B,Ciconiiformes,Ciconiidae,Storks and Flamingo,Storks
A031,Ciconia ciconia,,,B,N,Y,N,N,1010000,156967,167260,156000,168000,p,I,I,LC,Secure,A,LC,Secure,B,Ciconiiformes,Ciconiidae,Storks and Flamingo,Storks
A032,Plegadis falcinellus,,,B,N,Y,N,N,14200,11212,31903,11200,32000,p,I,I,LC,Secure,A,LC,Secure,B,Pelecaniformes,Threskiornithidae,"Herons, Pelicans, Ibises and Spoonbills",Ibises and spoonbills
A034,Platalea leucorodia,,,B,N,Y,N,N,38500,8443,11908,8400,12000,p,I,I,LC,Secure,A,LC,Secure,"B,W",Pelecaniformes,Threskiornithidae,"Herons, Pelicans, Ibises and Spoonbills",Ibises and spoonbills
A036,Cygnus olor,,,B,N,N,N,Y,1160000,66125,93524,66100,93600,p,S,I,LC,Secure,A,LC,Secure,"B,W",Anseriformes,Anatidae,"Ducks, Geese and Swans","Ducks, geese and swans"
A037,Cygnus columbianus bewickii,,,W,Y,Y,N,N,,17203,24066,17200,24100,i,D,S,VU A4abcde,Threatened,C,VU,Threatened,W,Anseriformes,Anatidae,"Ducks, Geese and Swans","Ducks, geese and swans"
A038,Cygnus cygnus,,,B,N,Y,N,N,807000,16896,23664,16800,23700,p,I,I,LC,Secure,A,LC,Secure,"B,W",Anseriformes,Anatidae,"Ducks, Geese and Swans","Ducks, geese and swans"
A039,Anser fabalis,,Species-level,B,N,N,Y,N,102000,1260,3100,1200,3100,p,D,Unk,VU C1+2a(ii),Threatened,C,LC,Unknown,"B,W",Anseriformes,Anatidae,"Ducks, Geese and Swans","Ducks, geese and swans"
A040,Anser brachyrhynchus,,Species-level,W,Y,N,N,Y,,555020,565363,555000,566000,i,I,I,LC,Secure,A,LC,Secure,W,Anseriformes,Anatidae,"Ducks, Geese and Swans","Ducks, geese and swans"
A040-A,Anser brachyrhynchus,Svalbard/North-west Europe,Sub-population,W,Y,N,N,Y,,44885,55228,44800,55300,i,D,I,LC,Secure,A,LC,Secure,W,Anseriformes,Anatidae,"Ducks, Geese and Swans","Ducks, geese and swans"
A040-B,Anser brachyrhynchus,East Greenland & Iceland/UK,Sub-population,W,Y,N,N,Y,,510135,510135,510000,511000,i,I,I,LC,Secure,A,LC,Secure,W,Anseriformes,Anatidae,"Ducks, Geese and Swans","Ducks, geese and swans"
A041,Anser albifrons,,Species-level,W,Y,N,N,Y,,1575942,2341665,1570000,2350000,i,S,I,LC,Secure,A,LC,Secure,W,Anseriformes,Anatidae,"Ducks, Geese and Swans","Ducks, geese and swans"
A042,Anser erythropus,,,B,N,Y,N,N,2500,15,30,15,30,p,S,D,CR D,Threatened,B,CR,Threatened,"B,W",Anseriformes,Anatidae,"Ducks, Geese and Swans","Ducks, geese and swans"
A043,Anser anser,,,B,N,N,Y,N,817000,223267,320783,223000,321000,p,I,I,LC,Secure,A,LC,Secure,"B,W",Anseriformes,Anatidae,"Ducks, Geese and Swans","Ducks, geese and swans"
A044-X,Branta canadensis,,,B,N,N,Y,N,789000,91361,108441,91300,109000,p,,,N/A,Not Evaluated,,NE,Not Evaluated,B,Anseriformes,Anatidae,"Ducks, Geese and Swans","Ducks, geese and swans"
A045,Branta leucopsis,,,B,N,Y,N,N,91800,29743,38815,29700,38900,p,I,I,LC,Secure,A,LC,Secure,"B,W",Anseriformes,Anatidae,"Ducks, Geese and Swans","Ducks, geese and swans"
A046,Branta bernicla,,,W,Y,N,N,Y,,298201,336245,298000,337000,i,S,I,LC,Secure,A,LC,Secure,W,Anseriformes,Anatidae,"Ducks, Geese and Swans","Ducks, geese and swans"
A048,Tadorna tadorna,,,B,N,N,N,N,460000,34351,45776,34300,45800,p,S,I,LC,Secure,A,LC,Secure,"B,W",Anseriformes,Anatidae,"Ducks, Geese and Swans","Ducks, geese and swans"
A052,Anas crecca,,,B,N,N,Y,N,1160000,234733,366562,234000,367000,p,D,D,LC,Declining,C,LC,Secure,"B,W",Anseriformes,Anatidae,"Ducks, Geese and Swans","Ducks, geese and swans"
A053,Anas platyrhynchos,,,B,N,N,Y,N,3130000,1856754,3014916,1850000,3020000,p,S,S,LC,Secure,A,LC,Secure,"B,W",Anseriformes,Anatidae,"Ducks, Geese and Swans","Ducks, geese and swans"
A054,Anas acuta,,,B,N,N,Y,N,205000,4568,18767,4500,18800,p,D,D,EN A2bcde+A3bcde+A4bcde,Threatened,C,VU,Threatened,"B,W",Anseriformes,Anatidae,"Ducks, Geese and Swans","Ducks, geese and swans"
A057,Marmaronetta angustirostris,,,B,N,Y,N,N,6200,73,78,70,80,p,S,D,EN D,Threatened,B,CR,Threatened,"B,W",Anseriformes,Anatidae,"Ducks, Geese and Swans","Ducks, geese and swans"
A058,Netta rufina,,,B,N,N,N,Y,124000,11618,15497,11600,15500,p,I,I,LC,Secure,A,LC,Secure,"B,W",Anseriformes,Anatidae,"Ducks, Geese and Swans","Ducks, geese and swans"
A059,Aythya ferina,,,B,N,N,Y,N,383000,46170,71349,46100,71400,p,D,D,VU A2abcde+3bcde+4abcde,Threatened,C,VU,Threatened,"B,W",Anseriformes,Anatidae,"Ducks, Geese and Swans","Ducks, geese and swans"
A060,Aythya nyroca,,,B,N,Y,N,N,42600,14107,22667,14100,22700,p,Unk,Unk,LC,Unknown,E,LC,Unknown,"B,W",Anseriformes,Anatidae,"Ducks, Geese and Swans","Ducks, geese and swans"
A061,Aythya fuligula,,,B,N,N,Y,N,1260000,166899,287417,166000,288000,p,D,D,VU A2bcde+3bcde+4bcde,Threatened,C,LC,Secure,"B,W",Anseriformes,Anatidae,"Ducks, Geese and Swans","Ducks, geese and swans"
A062,Aythya marila,,,B,N,N,N,Y,88800,1076,1463,1000,1500,p,D,D,EN A2bcde+3bcde+4bcde; C1,Threatened,C,VU,Threatened,"B,W",Anseriformes,Anatidae,"Ducks, Geese and Swans","Ducks, geese and swans"
A063,Somateria mollissima,,,B,N,N,N,Y,169000,176785,295974,176000,296000,p,D,D,VU A2abcde+A3abcde+A4abcde,Threatened,C,EN,Threatened,"B,W",Anseriformes,Anatidae,"Ducks, Geese and Swans","Ducks, geese and swans"
A064,Clangula hyemalis,,,W,Y,N,N,Y,,1164479,2126388,1160000,2130000,i,S,D,LC,Depleted,B,VU,Threatened,"B,W",Anseriformes,Anatidae,"Ducks, Geese and Swans","Ducks, geese and swans"
A066,Melanitta fusca,,,B,N,N,N,Y,196000,11022,23931,11000,24000,p,D,D,VU A2abcde,Threatened,C,VU,Threatened,"B,W",Anseriformes,Anatidae,"Ducks, Geese and Swans","Ducks, geese and swans"
A067,Bucephala clangula,,,B,N,N,N,Y,913000,187108,240458,187000,241000,p,D,S,LC,Secure,A,LC,Secure,"B,W",Anseriformes,Anatidae,"Ducks, Geese and Swans","Ducks, geese and swans"
A069,Mergus serrator,,,B,N,N,N,Y,561000,44683,73815,44600,73900,p,D,S,NT A2bcde+3bcde+4bcde,Near Threatened,C,VU,Threatened,"B,W",Anseriformes,Anatidae,"Ducks, Geese and Swans","Ducks, geese and swans"
A070,Mergus merganser,,,B,N,N,N,Y,893000,62928,104063,62900,105000,p,I,S,LC,Secure,A,LC,Secure,"B,W",Anseriformes,Anatidae,"Ducks, Geese and Swans","Ducks, geese and swans"
A071,Oxyura leucocephala,,,B,N,Y,N,N,8700,257,308,250,310,p,S,I,VU D1,Threatened,C,VU,Threatened,"B,W",Anseriformes,Anatidae,"Ducks, Geese and Swans","Ducks, geese and swans"
A072,Pernis apivorus,,,B,N,Y,N,N,1640000,38867,61499,38800,61500,p,S,S,LC,Secure,A,LC,Secure,B,Accipitriformes,Accipitridae,Hawks and Eagles,Hawks and eagles
A073,Milvus migrans,,,B,N,Y,N,N,942000,51321,63451,51300,63500,p,I,I,LC,Secure,A,LC,Secure,"B,W",Accipitriformes,Accipitridae,Hawks and Eagles,Hawks and eagles
A074,Milvus milvus,,,B,N,Y,N,N,729000,29746,34751,29700,34800,p,I,I,LC,Secure,A,NT,Near Threatened,"B,W",Accipitriformes,Accipitridae,Hawks and Eagles,Hawks and eagles
A075,Haliaeetus albicilla,,,B,N,Y,N,N,633000,4822,6232,4800,6300,p,I,I,LC,Secure,A,LC,Secure,"B,W",Accipitriformes,Accipitridae,Hawks and Eagles,Hawks and eagles
A076,Gypaetus barbatus,,,B,N,Y,N,N,33600,226,250,220,250,p,I,I,VU D1,Threatened,B,VU,Threatened,B,Accipitriformes,Accipitridae,Hawks and Eagles,Hawks and eagles
A077,Neophron percnopterus,,,B,N,Y,N,N,111000,1731,1867,1700,1900,p,D,D,VU C1,Threatened,C,VU,Threatened,B,Accipitriformes,Accipitridae,Hawks and Eagles,Hawks and eagles
A078,Gyps fulvus,,,B,N,Y,N,N,226000,33707,41890,33700,41900,p,I,I,LC,Secure,A,LC,Secure,B,Accipitriformes,Accipitridae,Hawks and Eagles,Hawks and eagles
A079,Aegypius monachus,,,B,N,Y,N,N,26200,2639,2657,2600,2700,p,I,I,LC,Secure,A,LC,Secure,B,Accipitriformes,Accipitridae,Hawks and Eagles,Hawks and eagles
A080,Circaetus gallicus,,,B,N,Y,N,N,661000,6344,9205,6300,9300,p,I,I,LC,Secure,A,LC,Secure,B,Accipitriformes,Accipitridae,Hawks and Eagles,Hawks and eagles
A081,Circus aeruginosus,,,B,N,Y,N,N,1090000,43902,65639,43900,65700,bfemales,S,I,LC,Secure,A,LC,Secure,"B,W",Accipitriformes,Accipitridae,Hawks and Eagles,Hawks and eagles
A082,Circus cyaneus,,,B,N,Y,N,N,544000,10574,15115,10500,15200,bfemales,D,Unk,VU A2bcd+3bcd+4bcd,Threatened,C,LC,Secure,"B,W",Accipitriformes,Accipitridae,Hawks and Eagles,Hawks and eagles
A083,Circus macrourus,,,B,N,Y,N,N,1500,10,50,10,50,p,I,I,EN° D1,Threatened,B,EN°,Threatened,B,Accipitriformes,Accipitridae,Hawks and Eagles,Hawks and eagles
A084,Circus pygargus,,,B,N,Y,N,N,445000,14288,20124,14200,20200,bfemales,D,Unk,VU A2bc+3bc+4bc,Threatened,C,LC,Secure,B,Accipitriformes,Accipitridae,Hawks and Eagles,Hawks and eagles
A085,Accipiter gentilis,,Species-level,B,N,N,N,N,1899900,56533,95468,56500,95500,p,D,D,LC,Secure,A,LC,Secure,B,Accipitriformes,Accipitridae,Hawks and Eagles,Hawks and eagles
A086,Accipiter nisus,,Species-level,B,N,N,N,N,2765700,198637,341736,198000,342000,p,S,I,LC,Secure,A,LC,Secure,B,Accipitriformes,Accipitridae,Hawks and Eagles,Hawks and eagles
A087,Buteo buteo,,,B,N,N,N,N,3290000,551886,806005,551000,807000,p,S,I,LC,Secure,A,LC,Secure,B,Accipitriformes,Accipitridae,Hawks and Eagles,Hawks and eagles
A088,Buteo lagopus,,,B,N,N,N,N,313000,1800,8200,1800,8200,p,D,D,VU A2bcd+A3bcd+A4bcd; C1,Threatened,C,EN,Threatened,B,Accipitriformes,Accipitridae,Hawks and Eagles,Hawks and eagles
A091,Aquila chrysaetos,,,B,N,Y,N,N,777000,5150,6082,5100,6100,p,S,I,LC,Secure,A,LC,Secure,B,Accipitriformes,Accipitridae,Hawks and Eagles,Hawks and eagles
A092,Hieraaetus pennatus,,,B,N,Y,N,N,358000,20330,23891,20300,23900,p,I,S,LC,Secure,A,LC,Secure,"B,W",Accipitriformes,Accipitridae,Hawks and Eagles,Hawks and eagles
A094,Pandion haliaetus,,,B,N,Y,N,N,639000,6095,7706,6000,7800,p,S,I,LC,Secure,A,LC,Secure,"B,W",Accipitriformes,Pandionidae,Hawks and Eagles,Osprey
A095,Falco naumanni,,,B,N,Y,N,N,260000,29049,32412,29000,32500,p,S,I,LC,Secure,A,LC,Secure,B,Falconiformes,Falconidae,Falcons,Falcons
A096,Falco tinnunculus,,,B,N,N,N,N,3160000,308890,476556,308000,477000,p,D,D,LC,Secure,A,LC,Secure,"B,W",Falconiformes,Falconidae,Falcons,Falcons
A097,Falco vespertinus,,,B,N,Y,N,N,19000,2501,3963,2500,4000,p,D,D,VU C1,Threatened,C,VU,Threatened,B,Falconiformes,Falconidae,Falcons,Falcons
A098,Falco columbarius,,,B,N,Y,N,N,400000,6730,14325,6700,14400,p,D,S,VU A2bc+3bc+4bc,Threatened,C,LC,Secure,"B,W",Falconiformes,Falconidae,Falcons,Falcons
A099,Falco subbuteo,,,B,N,N,N,N,1770000,40647,74261,40600,74300,p,S,I,LC,Secure,A,LC,Secure,B,Falconiformes,Falconidae,Falcons,Falcons
A100,Falco eleonorae,,,B,N,Y,N,N,42900,14197,14353,14100,14400,p,S,Unk,LC,Secure,A,LC,Unknown,B,Falconiformes,Falconidae,Falcons,Falcons
A101,Falco biarmicus,,,B,N,Y,N,N,82600,140,163,140,170,p,D,S,EN C1,Threatened,C,VU,Threatened,B,Falconiformes,Falconidae,Falcons,Falcons
A102,Falco rusticolus,,,B,N,Y,N,N,99600,96,127,90,130,p,D,D,EN C1+C2a(i),Threatened,C,VU,Threatened,B,Falconiformes,Falconidae,Falcons,Falcons
A103,Falco peregrinus,[including pelegrinoides],,B,N,Y,N,N,1380000,10999,12754,10900,12800,p,I,I,LC,Secure,A,LC,Secure,"B,W",Falconiformes,Falconidae,Falcons,Falcons
A104,Bonasa bonasia,,,B,N,Y,N,Y,921000,548364,926425,548000,927000,p,D,D,VU A2bcd+3bcd+4bcd,Threatened,C,LC,Secure,B,Galliformes,Phasianidae,"Pheasants, Partridges and Grouse","Pheasants, partridges and grouse"
A105,Lagopus lagopus,,Species-level,B,N,N,N,N,471000,374861,761711,374000,762000,p,S,D,LC,Depleted,B,VU,Threatened,B,Galliformes,Phasianidae,"Pheasants, Partridges and Grouse","Pheasants, partridges and grouse"
A108,Tetrao urogallus,,,B,N,Y,N,Y,790000,468591.3333,1161727.5,468000,1170000,cmales,S,D,LC,Depleted,B,LC,Depleted,B,Galliformes,Phasianidae,"Pheasants, Partridges and Grouse","Pheasants, partridges and grouse"
A109,Alectoris graeca,,Species-level,B,N,Y,Y,N,199000,25585,37661,25500,37700,p,Unk,D,NT A2bcd+3bcd+4bcd,Near Threatened,C,VU,Threatened,B,Galliformes,Phasianidae,"Pheasants, Partridges and Grouse","Pheasants, partridges and grouse"
A110,Alectoris rufa,,,B,N,N,Y,N,708000,4975443,6846209,4970000,6850000,p,D,D,NT A2bcde+3bcde+4bcde,Near Threatened,C,LC,Declining,B,Galliformes,Phasianidae,"Pheasants, Partridges and Grouse","Pheasants, partridges and grouse"
A111,Alectoris barbara,,,B,N,Y,N,Y,34300,7751,20500,7700,20500,p,Unk,Unk,LC,Unknown,E,LC,Unknown,B,Galliformes,Phasianidae,"Pheasants, Partridges and Grouse","Pheasants, partridges and grouse"
A112,Perdix perdix,,Species-level,B,N,N,Y,N,1290000,767965,1311135,767000,1320000,p,D,D,VU A2bcde+3bcde+4bcde,Threatened,C,LC,Declining,B,Galliformes,Phasianidae,"Pheasants, Partridges and Grouse","Pheasants, partridges and grouse"
A113,Coturnix coturnix,,,B,N,N,N,Y,1690000,1133306,2480750,1130000,2490000,cmales,Unk,Unk,LC,Unknown,E,LC,Unknown,B,Galliformes,Phasianidae,"Pheasants, Partridges and Grouse","Pheasants, partridges and grouse"
A115,Phasianus colchicus,,,B,N,N,Y,N,3,50,100,50,100,p,S,Unk,EN D,Threatened,C,LC,Secure,B,Galliformes,Phasianidae,"Pheasants, Partridges and Grouse","Pheasants, partridges and grouse"
A115-X,Phasianus colchicus,non-native populations,,B,N,N,Y,N,1750000,2507302,3470806,2500000,3480000,p,S,S,N/A,Secure,A,LC,Secure,B,Galliformes,Phasianidae,"Pheasants, Partridges and Grouse","Pheasants, partridges and grouse"
A118,Rallus aquaticus,,,B,N,N,N,Y,901000,84128,196859,84100,197000,p,Unk,U,LC,Unknown,E,LC,Unknown,B,Gruiformes,Rallidae,"Cranes, Rails, Gallinules and Coots","Rails, gallinules and coots"
A119,Porzana porzana,,,B,N,Y,N,N,331000,8977,21432,8900,21500,cmales,Unk,Unk,LC,Unknown,E,LC,Secure,"B,W",Gruiformes,Rallidae,"Cranes, Rails, Gallinules and Coots","Rails, gallinules and coots"
A122,Crex crex,,,B,N,Y,N,N,731000,119174,276883,119000,277000,cmales,D,S,NT A2bcde+3bcde+4bcde,Near Threatened,C,LC,Secure,B,Gruiformes,Rallidae,"Cranes, Rails, Gallinules and Coots","Rails, gallinules and coots"
A123,Gallinula chloropus,,,B,N,N,N,Y,1870000,672114,920752,672000,921000,p,D,S,LC,Secure,A,LC,Secure,B,Gruiformes,Rallidae,"Cranes, Rails, Gallinules and Coots","Rails, gallinules and coots"
A125,Fulica atra,,,B,N,N,Y,N,1800000,560349,843691,560000,844000,p,S,D,LC,Depleted,B,LC,Declining,"B,W",Gruiformes,Rallidae,"Cranes, Rails, Gallinules and Coots","Rails, gallinules and coots"
A126,Fulica cristata,,,B,N,Y,N,N,4700,21,45,21,45,p,D,F,CR C2a(ii),Threatened,C,EN,Threatened,"B,W",Gruiformes,Rallidae,"Cranes, Rails, Gallinules and Coots","Rails, gallinules and coots"
A127,Grus grus,,,B,N,Y,N,N,1000000,124184,168119,124000,169000,p,I,I,LC,Secure,A,LC,Secure,"B,W",Gruiformes,Gruidae,"Cranes, Rails, Gallinules and Coots",Cranes
A128,Tetrax tetrax,,,B,N,Y,N,N,98600,69568,149540,69500,150000,i,D,D,EN A2bce+3bce+4bce,Threatened,C,VU,Threatened,"B,W",Otidiformes,Otididae,Bustards,Bustards
A129,Otis tarda,,,B,N,Y,N,N,44200,32031,37293,32000,37300,i,D,I,LC,Secure,A,LC,Secure,"B,W",Otidiformes,Otididae,Bustards,Bustards
A130,Haematopus ostralegus,,,B,N,N,N,Y,573000,175029,196488,175000,197000,p,D,D,VU A4abc,Threatened,C,VU,Threatened,"B,W",Charadriiformes,Haematopodidae,"Waders, Gulls and Auks",Oystercatchers
A131,Himantopus himantopus,,,B,N,Y,N,N,217000,23321,74542,23300,74600,p,S,S,LC,Secure,A,LC,Secure,"B,W",Charadriiformes,Recurvirostridae,"Waders, Gulls and Auks",Avocets and stilts
A132,Recurvirostra avosetta,,,B,N,Y,N,N,142000,29847,54830,29800,54900,p,D,S,LC,Secure,A,LC,Secure,"B,W",Charadriiformes,Recurvirostridae,"Waders, Gulls and Auks",Avocets and stilts
A133,Burhinus oedicnemus,,,B,N,Y,N,N,298000,55797,84964,55700,85000,p,Unk,Unk,LC,Unknown,E,LC,Depleted,"B,W",Charadriiformes,Burhinidae,"Waders, Gulls and Auks",Thick-knees
A134,Cursorius cursor,,,B,N,Y,N,N,2300,1109,1109,1100,1200,i,U,U,NT D1,Near Threatened,C,NT,Near Threatened,B,Charadriiformes,Glareolidae,"Waders, Gulls and Auks",Coursers and pratincoles
A135,Glareola pratincola,,,B,N,Y,N,N,37000,4613,8231,4600,8300,p,D,I,NT C1,Near Threatened,C,LC,Secure,B,Charadriiformes,Glareolidae,"Waders, Gulls and Auks",Coursers and pratincoles
A136,Charadrius dubius,,,B,N,N,N,N,1230000,72533,104409,72500,105000,p,Unk,Unk,LC,Unknown,E,LC,Secure,B,Charadriiformes,Charadriidae,"Waders, Gulls and Auks",Plovers
A137,Charadrius hiaticula,,,B,N,N,N,N,384000,27314,40387,27300,40400,p,S,S,LC,Secure,A,LC,Secure,"B,W",Charadriiformes,Charadriidae,"Waders, Gulls and Auks",Plovers
A138,Charadrius alexandrinus,,,B,N,Y,N,N,110000,6659,13934,6600,14000,p,D,D,LC,Declining,C,LC,Declining,"B,W",Charadriiformes,Charadriidae,"Waders, Gulls and Auks",Plovers
A140,Pluvialis apricaria,,,B,N,Y,N,Y,533000,207635,337859,207000,338000,p,S,S,LC,Secure,A,LC,Secure,"B,W",Charadriiformes,Charadriidae,"Waders, Gulls and Auks",Plovers
A141,Pluvialis squatarola,,,W,Y,N,N,Y,,125541,149903,125000,150000,i,S,I,LC,Secure,A,LC,Secure,W,Charadriiformes,Charadriidae,"Waders, Gulls and Auks",Plovers
A142,Vanellus vanellus,,,B,N,N,N,Y,1950000,805804,1137088,805000,1140000,p,D,D,VU A2bce+3bce+4bce,Threatened,C,VU,Threatened,"B,W",Charadriiformes,Charadriidae,"Waders, Gulls and Auks",Plovers
A143,Calidris canutus,,,W,Y,N,N,Y,,403458,486561,403000,487000,i,D,S,LC,Secure,A,LC,Secure,W,Charadriiformes,Scolopacidae,"Waders, Gulls and Auks","Sandpipers, snipes and phalaropes"
A144,Calidris alba,,,W,Y,N,N,N,,75197,98965,75100,99000,i,I,I,LC,Secure,A,LC,Secure,W,Charadriiformes,Scolopacidae,"Waders, Gulls and Auks","Sandpipers, snipes and phalaropes"
A145,Calidris minuta,,,W,Y,N,N,N,,12812,21215,12800,21300,i,S,S,LC,Secure,A,LC,Secure,"B,W",Charadriiformes,Scolopacidae,"Waders, Gulls and Auks","Sandpipers, snipes and phalaropes"
A146,Calidris temminckii,,,B,N,N,N,N,83100,6600,9000,6600,9000,p,D,D,NT A2bce+3bce+4bce,Near Threatened,C,LC,Depleted,B,Charadriiformes,Scolopacidae,"Waders, Gulls and Auks","Sandpipers, snipes and phalaropes"
A147,Calidris ferruginea,,,W,Y,N,N,N,,160,1593,160,1600,i,I,F,VU D1,Threatened,B,VU,Threatened,W,Charadriiformes,Scolopacidae,"Waders, Gulls and Auks","Sandpipers, snipes and phalaropes"
A148,Calidris maritima,,,W,Y,N,N,N,,14157,17223,14100,17300,i,D,D,NT A2abc,Near Threatened,C,NT,Near Threatened,"B,W",Charadriiformes,Scolopacidae,"Waders, Gulls and Auks","Sandpipers, snipes and phalaropes"
A149,Calidris alpina,all non-breeding populations,Species-level,B,N,Y-CTC-EXCP,N,N,146000,30528,50657,30500,50700,p,S,D,LC,Depleted,B,LC,Depleted,"B,W",Charadriiformes,Scolopacidae,"Waders, Gulls and Auks","Sandpipers, snipes and phalaropes"
A152,Lymnocryptes minimus,,,B,N,N,Y,N,166000,8761,23321,8700,23400,p,S,Unk,LC,Secure,A,LC,Unknown,B,Charadriiformes,Scolopacidae,"Waders, Gulls and Auks","Sandpipers, snipes and phalaropes"
A153,Gallinago gallinago,,,B,N,N,Y,N,1220000,422209,757614,422000,758000,p,D,D,LC,Declining,C,LC,Declining,B,Charadriiformes,Scolopacidae,"Waders, Gulls and Auks","Sandpipers, snipes and phalaropes"
A154,Gallinago media,,,B,N,Y,N,N,47500,2220,3790,2200,3800,cmales,D,D,VU C1,Threatened,C,VU,Threatened,B,Charadriiformes,Scolopacidae,"Waders, Gulls and Auks","Sandpipers, snipes and phalaropes"
A155,Scolopax rusticola,,,B,N,N,Y,N,1420000,706980,1459685,706000,1460000,cmales,S,S,LC,Secure,A,LC,Secure,B,Charadriiformes,Scolopacidae,"Waders, Gulls and Auks","Sandpipers, snipes and phalaropes"
A156,Limosa limosa,all non-breeding populations,,B,N,N,N,Y,106000,37938,46667,37900,46700,p,D,D,EN A2bcde+3bcde+4bcde,Threatened,C,EN,Threatened,"B,W",Charadriiformes,Scolopacidae,"Waders, Gulls and Auks","Sandpipers, snipes and phalaropes"
A157,Limosa lapponica,,,B,N,Y,N,Y,12300,1300,4500,1300,4500,p,S,I,LC,Secure,A,LC,Secure,"B,W",Charadriiformes,Scolopacidae,"Waders, Gulls and Auks","Sandpipers, snipes and phalaropes"
A158,Numenius phaeopus,,,B,N,N,N,Y,402000,47156,67654,47100,67700,p,I,I,LC,Secure,A,LC,Secure,B,Charadriiformes,Scolopacidae,"Waders, Gulls and Auks","Sandpipers, snipes and phalaropes"
A159,Numenius tenuirostris,,,W,Y,Y,N,N,,0,0,0,0,i,Unk,Unk,CR(PE) D,Threatened,C,CR (PE),Threatened,W,Charadriiformes,Scolopacidae,"Waders, Gulls and Auks","Sandpipers, snipes and phalaropes"
A160,Numenius arquata,,,B,N,N,N,Y,886000,155204,172343,155000,173000,p,S,D,NT A2abcde,Near Threatened,B,VU,Threatened,"B,W",Charadriiformes,Scolopacidae,"Waders, Gulls and Auks","Sandpipers, snipes and phalaropes"
A161,Tringa erythropus,,,B,N,N,N,Y,160000,8957,24466,8900,24500,p,D,D,NT A2bc+3bc+4bc,Near Threatened,C,NT,Near Threatened,B,Charadriiformes,Scolopacidae,"Waders, Gulls and Auks","Sandpipers, snipes and phalaropes"
A162,Tringa totanus,,,B,N,N,N,Y,732000,92331,114072,92300,115000,p,D,D,VU A2bc+3bc+4bc,Threatened,C,VU,Threatened,"B,W",Charadriiformes,Scolopacidae,"Waders, Gulls and Auks","Sandpipers, snipes and phalaropes"
A163,Tringa stagnatilis,,,B,N,N,N,N,4900,40,107,40,110,p,I,I,VU° D1,Threatened,B,EN,Threatened,B,Charadriiformes,Scolopacidae,"Waders, Gulls and Auks","Sandpipers, snipes and phalaropes"
A164,Tringa nebularia,,,B,N,N,N,Y,494000,68494,104417,68400,105000,p,S,S,LC,Secure,A,LC,Secure,B,Charadriiformes,Scolopacidae,"Waders, Gulls and Auks","Sandpipers, snipes and phalaropes"
A165,Tringa ochropus,,,B,N,N,N,N,899000,217585,337661,217000,338000,p,D,I,LC,Secure,A,LC,Secure,B,Charadriiformes,Scolopacidae,"Waders, Gulls and Auks","Sandpipers, snipes and phalaropes"
A166,Tringa glareola,,,B,N,Y,N,N,573000,422861,562513,422000,563000,p,S,D,LC,Depleted,B,LC,Depleted,B,Charadriiformes,Scolopacidae,"Waders, Gulls and Auks","Sandpipers, snipes and phalaropes"
A167,Xenus cinereus,,,B,N,Y,N,N,800,5,8,5,8,p,S,D,CR D,Threatened,B,CR,Threatened,B,Charadriiformes,Scolopacidae,"Waders, Gulls and Auks","Sandpipers, snipes and phalaropes"
A168,Actitis hypoleucos,,,B,N,N,N,N,1290000,258766,389302,258000,390000,p,D,D,LC,Declining,C,NT,Near Threatened,B,Charadriiformes,Scolopacidae,"Waders, Gulls and Auks","Sandpipers, snipes and phalaropes"
A169,Arenaria interpres,,,B,N,N,N,N,50600,1406,3398,1400,3400,p,D,D,EN A2bce+3bce+4bce,Threatened,C,EN,Threatened,"B,W",Charadriiformes,Scolopacidae,"Waders, Gulls and Auks","Sandpipers, snipes and phalaropes"
A170,Phalaropus lobatus,,,B,N,Y,N,N,96400,20058,36072,20000,36100,males,D,D,LC,Declining,C,LC,Unknown,B,Charadriiformes,Scolopacidae,"Waders, Gulls and Auks","Sandpipers, snipes and phalaropes"
A173,Stercorarius parasiticus,,,B,N,N,N,N,56100,1402,2858,1400,2900,p,D,D,EN A2bcd+3bce+4bce,Threatened,C,EN,Threatened,B,Charadriiformes,Stercorariidae,"Waders, Gulls and Auks",Skuas
A174,Stercorarius longicaudus,,,B,N,N,N,N,90800,13600,28000,13600,28000,p,F,F,LC,Secure,A,LC,Secure,B,Charadriiformes,Stercorariidae,"Waders, Gulls and Auks",Skuas
A175,Catharacta skua,,,B,N,N,N,N,16500,9647,9649,9600,9700,p,I,I,LC,Secure,A,LC,Secure,B,Charadriiformes,Stercorariidae,"Waders, Gulls and Auks",Skuas
A176,Larus melanocephalus,,,B,N,Y,N,N,51400,16796,24962,16700,25000,p,I,I,LC,Secure,A,LC,Secure,"B,W",Charadriiformes,Laridae,"Waders, Gulls and Auks",Gulls and terns
A179,Larus ridibundus,,,B,N,N,N,Y,953000,811598,1075405,811000,1080000,p,S,D,VU A2bcde,Threatened,B,LC,Depleted,B,Charadriiformes,Laridae,"Waders, Gulls and Auks",Gulls and terns
A180,Larus genei,,,B,N,Y,N,N,7600,5454,8766,5400,8800,p,Unk,I,LC,Unknown,E,LC,Secure,"B,W",Charadriiformes,Laridae,"Waders, Gulls and Auks",Gulls and terns
A181,Larus audouinii,,,B,N,Y,N,N,36900,15643,20849,15600,20900,p,D,S,VU A3bce+4abce,Threatened,C,LC,Secure,"B,W",Charadriiformes,Laridae,"Waders, Gulls and Auks",Gulls and terns
A182,Larus canus,,,B,N,N,N,Y,978000,221091,317042,221000,318000,p,D,D,LC,Declining,C,LC,Secure,B,Charadriiformes,Laridae,"Waders, Gulls and Auks",Gulls and terns
A183,Larus fuscus,,,B,N,N,N,Y,328000,308813,337075,308000,338000,p,D,I,LC,Secure,A,LC,Secure,B,Charadriiformes,Laridae,"Waders, Gulls and Auks",Gulls and terns
A184,Larus argentatus,,,B,N,N,N,Y,657000,419784,478615,419000,479000,p,D,D,VU A2bcde+3bcde+4bcde,Threatened,C,VU,Threatened,B,Charadriiformes,Laridae,"Waders, Gulls and Auks",Gulls and terns
A185,Larus glaucoides,,,W,Y,N,N,N,,388,436,380,440,i,Unk,Unk,LC°°,Unknown,E,NE,Not Evaluated,W,Charadriiformes,Laridae,"Waders, Gulls and Auks",Gulls and terns
A186,Larus hyperboreus,,,W,Y,N,N,N,,250,329,250,330,i,Unk,Unk,LC°°,Unknown,E,NE,Not Evaluated,W,Charadriiformes,Laridae,"Waders, Gulls and Auks",Gulls and terns
A187,Larus marinus,,,B,N,N,N,Y,242000,28188,44945,28100,45000,p,D,D,NT A2bcde+3bcde+4bcde,Near Threatened,C,LC,Secure,B,Charadriiformes,Laridae,"Waders, Gulls and Auks",Gulls and terns
A188,Rissa tridactyla,,,B,N,N,N,N,31300,207579,293072,207000,294000,p,D,D,EN A2abcd+3bcd+4abcd,Threatened,C,EN,Threatened,B,Charadriiformes,Laridae,"Waders, Gulls and Auks",Gulls and terns
A189,Gelochelidon nilotica,,,B,N,Y,N,N,30700,8092,9836,8000,9900,p,S,I,LC,Secure,A,LC,Secure,B,Charadriiformes,Laridae,"Waders, Gulls and Auks",Gulls and terns
A192,Sterna dougallii,,,B,N,Y,N,N,2000,2486,3071,2400,3100,p,I,I,LC,Secure,A,LC,Secure,B,Charadriiformes,Laridae,"Waders, Gulls and Auks",Gulls and terns
A193,Sterna hirundo,,,B,N,Y,N,N,882000,120929,189589,120000,190000,p,D,I,LC,Secure,A,LC,Secure,B,Charadriiformes,Laridae,"Waders, Gulls and Auks",Gulls and terns
A194,Sterna paradisaea,,,B,N,Y,N,N,430000,179936,282062,179000,283000,p,I,I,LC,Secure,A,LC,Secure,B,Charadriiformes,Laridae,"Waders, Gulls and Auks",Gulls and terns
A197,Chlidonias niger,,,B,N,Y,N,N,67600,11492,17530,11400,17600,p,S,D,LC,Depleted,B,LC,Declining,B,Charadriiformes,Laridae,"Waders, Gulls and Auks",Gulls and terns
A198,Chlidonias leucopterus,,,B,N,N,N,N,5700,604,6016,600,6100,p,F,I,LC,Secure,A,LC,Secure,B,Charadriiformes,Laridae,"Waders, Gulls and Auks",Gulls and terns
A199,Uria aalge,,Species-level,B,N,N,N,N,0,1652828,1669079,1650000,1670000,i,I,I,LC,Secure,A,LC,Secure,B,Charadriiformes,Alcidae,"Waders, Gulls and Auks",Auks
A200,Alca torda,,,B,N,N,N,N,51400,262217,514492,262000,515000,i,I,I,LC,Secure,A,LC,Secure,B,Charadriiformes,Alcidae,"Waders, Gulls and Auks",Auks
A202,Cepphus grylle,,,B,N,N,N,N,94500,76033,93641,76000,93700,i,S,D,LC,Depleted,B,VU,Threatened,B,Charadriiformes,Alcidae,"Waders, Gulls and Auks",Auks
A203,Alle alle,,,W,Y,N,N,N,,0,30,0,30,i,,,NE,Not Evaluated,,NE,Not Evaluated,W,Charadriiformes,Alcidae,"Waders, Gulls and Auks",Auks
A204,Fratercula arctica,,,B,N,N,N,N,16400,601383,601414,601000,602000,p,I,I,LC,Secure,A,NT,Near Threatened,B,Charadriiformes,Alcidae,"Waders, Gulls and Auks",Auks
A205,Pterocles alchata,,,B,N,Y,N,N,19000,7454,8966,7400,9000,p,S,D,LC,Depleted,B,LC,Depleted,B,Pterocliformes,Pteroclidae,Sandgrouse,Sandgrouse
A206,Columba livia,wild populations,,B,N,N,Y,N,523000,2458100,4731700,2450000,4740000,p,S,S,LC,Secure,A,LC,Secure,B,Columbiformes,Columbidae,Pigeons and Doves,Pigeons and doves
A206-X,Columba livia,feral populations,,B,N,N,Y,N,1950000,10318823,18825813,10300000,18900000,p,,,N/A,Not Evaluated,,LC,Secure,B,Columbiformes,Columbidae,Pigeons and Doves,Pigeons and doves
A207,Columba oenas,,,B,N,N,N,Y,1450000,610836,971601,610000,972000,p,I,I,LC,Secure,A,LC,Secure,B,Columbiformes,Columbidae,Pigeons and Doves,Pigeons and doves
A208,Columba palumbus,,Species-level,B,N,N,Y,N,3530000,18967463,25939008,18900000,26000000,p,I,I,LC,Secure,A,LC,Secure,B,Columbiformes,Columbidae,Pigeons and Doves,Pigeons and doves
A209,Streptopelia decaocto,,,B,N,N,N,Y,2830000,5999208,14417500.33,5990000,14500000,p,I,I,LC,Secure,A,LC,Secure,B,Columbiformes,Columbidae,Pigeons and Doves,Pigeons and doves
A210,Streptopelia turtur,,,B,N,N,N,Y,2020000,1983407,3437644,1980000,3440000,p,D,D,NT A2bcde+3bcde+4bcde,Near Threatened,C,NT,Near Threatened,B,Columbiformes,Columbidae,Pigeons and Doves,Pigeons and doves
A211,Clamator glandarius,,,B,N,N,N,N,141000,144638,151713,144000,152000,p,D,S,VU A2b+3b+4b,Threatened,C,LC,Secure,B,Cuculiformes,Cuculidae,Cuckoos,Cuckoos
A212,Cuculus canorus,,,B,N,N,N,N,3580000,2247095.333,3641417,2240000,3650000,cmales,D,S,LC,Secure,A,LC,Secure,B,Cuculiformes,Cuculidae,Cuckoos,Cuckoos
A213,Tyto alba,,,B,N,N,N,N,1380000,75973,164940,75900,165000,p,D,S,LC,Secure,A,LC,Secure,B,Strigiformes,Tytonidae,Owls,Barn-owls
A214,Otus scops,,,B,N,N,N,N,746000,80910,138085,80900,139000,p,Unk,Unk,LC,Unknown,E,LC,Unknown,B,Strigiformes,Strigidae,Owls,Typical owls
A215,Bubo bubo,,,B,N,Y,N,N,1150000,12900,17878,12900,17900,p,I,I,LC,Secure,A,LC,Secure,B,Strigiformes,Strigidae,Owls,Typical owls
A217,Glaucidium passerinum,,,B,N,Y,N,N,771000,31086,69654,31000,69700,p,S,I,LC,Secure,A,LC,Secure,B,Strigiformes,Strigidae,Owls,Typical owls
A218,Athene noctua,,,B,N,N,N,N,1350000,191847,298666,191000,299000,p,Unk,S,LC,Unknown,E,LC,Unknown,B,Strigiformes,Strigidae,Owls,Typical owls
A219,Strix aluco,,,B,N,N,N,N,2240000,437176,637609,437000,638000,p,S,S,LC,Secure,A,LC,Unknown,B,Strigiformes,Strigidae,Owls,Typical owls
A220,Strix uralensis,,,B,N,Y,N,N,498000,11929,20962,11900,21000,p,S,I,LC,Secure,A,LC,Secure,B,Strigiformes,Strigidae,Owls,Typical owls
A221,Asio otus,,,B,N,N,N,N,1970000,128470,242360,128000,243000,p,Unk,Unk,LC,Unknown,E,LC,Unknown,B,Strigiformes,Strigidae,Owls,Typical owls
A222,Asio flammeus,,,B,N,Y,N,N,3990000,2161,21568,2100,21600,p,F,D,LC,Depleted,B,LC,Secure,"B,W",Strigiformes,Strigidae,Owls,Typical owls
A223,Aegolius funereus,,,B,N,Y,N,N,924000,17971,122278,17900,123000,p,F,D,LC,Depleted,B,LC,Secure,B,Strigiformes,Strigidae,Owls,Typical owls
A224,Caprimulgus europaeus,,,B,N,Y,N,N,1230000,172921,324047,172000,325000,cmales,Unk,Unk,LC,Unknown,E,LC,Unknown,B,Caprimulgiformes,Caprimulgidae,Swifts and Nightjars,Nightjars
A225,Caprimulgus ruficollis,,,B,N,N,N,N,57200,101000,135000,101000,135000,cmales,D,D,NT A2bc+3bc+4bc,Near Threatened,C,LC,Secure,B,Caprimulgiformes,Caprimulgidae,Swifts and Nightjars,Nightjars
A226,Apus apus,,,B,N,N,N,N,2980000,12425458,19688813.33,12400000,19700000,p,D,D,NT A2bc+3bc+4bc,Near Threatened,C,LC,Secure,B,Caprimulgiformes,Apodidae,Swifts and Nightjars,Swifts
A227,Apus pallidus,,,B,N,N,N,N,879000,161424,1093430,161000,1100000,p,Unk,Unk,LC,Unknown,E,LC,Secure,B,Caprimulgiformes,Apodidae,Swifts and Nightjars,Swifts
A228,Tachymarptis melba,,,B,N,N,N,N,436000,202292,480296,202000,481000,p,Unk,Unk,LC,Unknown,E,LC,Unknown,B,Caprimulgiformes,Apodidae,Swifts and Nightjars,Swifts
A229,Alcedo atthis,,,B,N,Y,N,N,1580000,59212,156105,59200,157000,p,S,S,LC,Secure,A,VU,Threatened,"B,W",Coraciiformes,Alcedinidae,"Kingfishers, Rollers, Bee-eaters and Hoopoe",Kingfishers
A230,Merops apiaster,,,B,N,N,N,N,805000,3335533,4955460,3330000,4960000,p,S,D,LC,Secure,A,LC,Secure,B,Coraciiformes,Meropidae,"Kingfishers, Rollers, Bee-eaters and Hoopoe",Bee-eaters
A231,Coracias garrulus,,,B,N,Y,N,N,275000,13278,21989,13200,22000,p,Unk,U,LC,Unknown,E,LC,Unknown,B,Coraciiformes,Coraciidae,"Kingfishers, Rollers, Bee-eaters and Hoopoe",Rollers
A232,Upupa epops,,,B,N,N,N,N,1360000,1028284,2063510,1020000,2070000,p,S,S,LC,Secure,A,LC,Secure,B,Bucerotiformes,Upupidae,"Kingfishers, Rollers, Bee-eaters and Hoopoe",Hoopoes
A233,Jynx torquilla,,,B,N,N,N,N,1800000,300158,590835,300000,591000,p,S,D,LC,Depleted,B,LC,Depleted,B,Piciformes,Picidae,Woodpeckers,Woodpeckers
A234,Picus canus,,,B,N,Y,N,N,1180000,84747,150603,84700,151000,p,Unk,Unk,LC,Unknown,E,LC,Unknown,B,Piciformes,Picidae,Woodpeckers,Woodpeckers
A236,Dryocopus martius,,,B,N,Y,N,N,1950000,193715,296065,193000,297000,p,S,I,LC,Secure,A,LC,Secure,B,Piciformes,Picidae,Woodpeckers,Woodpeckers
A237,Dendrocopos major,,Species-level,B,N,N,N,N,3200000,4543196,6972243,4540000,6980000,p,I,I,LC,Secure,A,LC,Secure,B,Piciformes,Picidae,Woodpeckers,Woodpeckers
A239,Dendrocopos leucotos,,,B,N,Y,N,N,254000,28343,67377,28300,67400,p,Unk,Unk,LC,Unknown,E,LC,Unknown,B,Piciformes,Picidae,Woodpeckers,Woodpeckers
A241,Picoides tridactylus,,,B,N,Y,N,N,541000,41759,76052,41700,76100,p,D,I,LC,Secure,A,LC,Secure,B,Piciformes,Picidae,Woodpeckers,Woodpeckers
A242,Melanocorypha calandra,,,B,N,Y,N,N,288000,4238493,6795163,4230000,6800000,p,S,D,LC,Depleted,B,VU,Threatened,B,Passeriformes,Alaudidae,Passerines,Larks
A243,Calandrella brachydactyla,,,B,N,Y,N,N,298000,1094903,1702287,1090000,1710000,p,I,S,LC,Secure,A,LC,Depleted,B,Passeriformes,Alaudidae,Passerines,Larks
A244,Galerida cristata,,,B,N,N,N,N,1090000,14692559,18496591,14600000,18500000,p,D,D,LC,Declining,C,LC,Declining,B,Passeriformes,Alaudidae,Passerines,Larks
A245,Galerida theklae,,,B,N,Y,N,N,193000,1750590,2842088,1750000,2850000,p,I,I,LC,Secure,A,LC,Secure,"B,W",Passeriformes,Alaudidae,Passerines,Larks
A246,Lullula arborea,,,B,N,Y,N,N,1760000,1585665,3030911,1580000,3040000,p,S,S,LC,Secure,A,LC,Secure,B,Passeriformes,Alaudidae,Passerines,Larks
A247,Alauda arvensis,,,B,N,N,N,Y,3040000,23398921,31696604,23300000,31700000,p,D,D,LC,Declining,C,LC,Declining,"B,W",Passeriformes,Alaudidae,Passerines,Larks
A248,Eremophila alpestris,,,B,N,N,N,N,15500,2252,3950,2200,4000,p,D,D,NT C1,Near Threatened,C,NT,Near Threatened,B,Passeriformes,Alaudidae,Passerines,Larks
A249,Riparia riparia,,,B,N,N,N,N,1460000,1169226,2599653.667,1160000,2600000,p,S,D,LC,Depleted,B,LC,Depleted,B,Passeriformes,Hirundinidae,Passerines,Swallows and martins
A250,Ptyonoprogne rupestris,,,B,N,N,N,N,735000,131848,243088,131000,244000,p,S,I,LC,Secure,A,LC,Secure,B,Passeriformes,Hirundinidae,Passerines,Swallows and martins
A251,Hirundo rustica,,,B,N,N,N,N,3680000,18166309.5,27458540.67,18100000,27500000,p,D,D,LC,Declining,C,LC,Declining,B,Passeriformes,Hirundinidae,Passerines,Swallows and martins
A255,Anthus campestris,,,B,N,Y,N,N,8060000,550046,985052,550000,986000,p,S,S,LC,Secure,A,LC,Secure,B,Passeriformes,Motacillidae,Passerines,Wagtails and pipits
A256,Anthus trivialis,,,B,N,N,N,N,2620000,6907570,11614310,6900000,11700000,p,S,D,LC,Depleted,B,LC,Declining,B,Passeriformes,Motacillidae,Passerines,Wagtails and pipits
A257,Anthus pratensis,,,B,N,N,N,N,1620000,4946460.667,7223169,4940000,7230000,p,S,D,LC,Depleted,B,VU,Threatened,B,Passeriformes,Motacillidae,Passerines,Wagtails and pipits
A258,Anthus cervinus,,,B,N,N,N,N,7200,880,1800,880,1800,p,D,D,EN C1,Threatened,C,LC,Unknown,B,Passeriformes,Motacillidae,Passerines,Wagtails and pipits
A259,Anthus spinoletta,,,B,N,N,N,N,187000,383060,717120,383000,718000,p,Unk,Unk,LC,Unknown,E,LC,Unknown,B,Passeriformes,Motacillidae,Passerines,Wagtails and pipits
A260,Motacilla flava,[excluding tschutschensis],,B,N,N,N,N,2060000,4957783,7536948,4950000,7540000,p,S,D,LC,Depleted,B,LC,Secure,B,Passeriformes,Motacillidae,Passerines,Wagtails and pipits
A261,Motacilla cinerea,,,B,N,N,N,N,2150000,906010,1787458,906000,1790000,p,S,Unk,LC,Secure,A,LC,Unknown,B,Passeriformes,Motacillidae,Passerines,Wagtails and pipits
A262,Motacilla alba,,,B,N,N,N,N,3610000,6327122.667,9576766,6320000,9580000,p,S,S,LC,Secure,A,LC,Secure,B,Passeriformes,Motacillidae,Passerines,Wagtails and pipits
A263,Bombycilla garrulus,,,B,N,N,N,N,372000,150143,264140,150000,265000,p,I,I,LC,Secure,A,LC,Secure,B,Passeriformes,Bombycillidae,Passerines,Waxwings
A264,Cinclus cinclus,,,B,N,N,N,N,1220000,80895,154699,80800,155000,p,Unk,S,LC,Unknown,E,LC,Secure,B,Passeriformes,Cinclidae,Passerines,Dippers
A265,Troglodytes troglodytes,,Species-level,B,N,N,N,N,3300000,29709934,48352544,29700000,48400000,p,I,S,LC,Secure,A,LC,Secure,B,Passeriformes,Troglodytidae,Passerines,Wrens
A266,Prunella modularis,,,B,N,N,N,N,2460000,9417347,15300674,9410000,15400000,p,D,D,LC,Secure,A,LC,Secure,B,Passeriformes,Prunellidae,Passerines,Accentors
A267,Prunella collaris,,,B,N,N,N,N,133000,48436,84010,48400,84100,p,Unk,Unk,LC,Unknown,E,LC,Unknown,B,Passeriformes,Prunellidae,Passerines,Accentors
A268,Cercotrichas galactotes,,,B,N,N,N,N,176000,102321,271919,102000,272000,p,D,D,LC,Declining,C,LC,Declining,B,Passeriformes,Muscicapidae,Passerines,Chats and flycatchers
A269,Erithacus rubecula,,,B,N,N,N,N,3510000,36459977,54799051,36400000,54800000,p,S,S,LC,Secure,A,LC,Secure,B,Passeriformes,Muscicapidae,Passerines,Chats and flycatchers
A270,Luscinia luscinia,,,B,N,N,N,N,537000,447411,697534,447000,698000,p,D,D,VU A2bc+3bc+4bc,Threatened,C,LC,Secure,B,Passeriformes,Muscicapidae,Passerines,Chats and flycatchers
A271,Luscinia megarhynchos,,,B,N,N,N,N,1800000,8750793,12688100,8750000,12700000,p,S,I,LC,Secure,A,LC,Secure,B,Passeriformes,Muscicapidae,Passerines,Chats and flycatchers
A273,Phoenicurus ochruros,,,B,N,N,N,N,2040000,4368169,6936456,4360000,6940000,p,S,I,LC,Secure,A,LC,Secure,B,Passeriformes,Muscicapidae,Passerines,Chats and flycatchers
A274,Phoenicurus phoenicurus,,,B,N,N,N,N,2270000,2211488,3910207,2210000,3920000,p,I,I,LC,Secure,A,LC,Secure,B,Passeriformes,Muscicapidae,Passerines,Chats and flycatchers
A275,Saxicola rubetra,,,B,N,N,N,N,1530000,1956495,3014060,1950000,3020000,p,D,D,VU A2bc+3bc+4bc,Threatened,C,LC,Declining,B,Passeriformes,Muscicapidae,Passerines,Chats and flycatchers
A276,Saxicola torquatus,,,B,N,N,N,N,2130000,4899595,7498567.333,4890000,7500000,p,D,S,LC,Secure,A,LC,Secure,B,Passeriformes,Muscicapidae,Passerines,Chats and flycatchers
A277,Oenanthe oenanthe,[excluding seebohmi],,B,N,N,N,N,1870000,1880015.5,3678172,1880000,3680000,p,D,D,NT A2bcde+3bcde+4bcde,Near Threatened,C,LC,Unknown,B,Passeriformes,Muscicapidae,Passerines,Chats and flycatchers
A278,Oenanthe hispanica,,,B,N,N,N,N,371000,451300,1185500,451000,1190000,p,D,D,LC,Declining,C,LC,Declining,B,Passeriformes,Muscicapidae,Passerines,Chats and flycatchers
A279,Oenanthe leucura,,,B,N,Y,N,N,49600,4050,16100,4000,16100,p,S,D,LC,Depleted,B,VU,Threatened,B,Passeriformes,Muscicapidae,Passerines,Chats and flycatchers
A280,Monticola saxatilis,,,B,N,N,N,N,191000,21364,38215,21300,38300,p,Unk,S,LC,Unknown,E,LC,Unknown,B,Passeriformes,Muscicapidae,Passerines,Chats and flycatchers
A281,Monticola solitarius,,,B,N,N,N,N,434000,43329,89270,43300,89300,p,S,S,LC,Secure,A,LC,Unknown,B,Passeriformes,Muscicapidae,Passerines,Chats and flycatchers
A282,Turdus torquatus,,,B,N,N,N,N,310000,135950,209434,135000,210000,p,Unk,Unk,LC,Unknown,E,LC,Unknown,B,Passeriformes,Turdidae,Passerines,Thrushes
A283,Turdus merula,,,B,N,N,N,Y,3790000,47867670.66667,71362952,47800000,71400000,p,I,I,LC,Secure,A,LC,Secure,B,Passeriformes,Turdidae,Passerines,Thrushes
A284,Turdus pilaris,,,B,N,N,N,Y,1480000,3418423,5149897,3410000,5150000,p,S,S,LC,Secure,A,VU,Threatened,B,Passeriformes,Turdidae,Passerines,Thrushes
A285,Turdus philomelos,,,B,N,N,N,Y,3100000,12207950,20424156,12200000,20500000,p,I,S,LC,Secure,A,LC,Secure,B,Passeriformes,Turdidae,Passerines,Thrushes
A286,Turdus iliacus,,,B,N,N,N,Y,898000,1963811,2363167,1960000,2370000,p,D,D,LC,Declining,C,VU,Threatened,B,Passeriformes,Turdidae,Passerines,Thrushes
A287,Turdus viscivorus,,,B,N,N,N,Y,3780000,2320989.33333,4366500,2320000,4370000,p,S,S,LC,Secure,A,LC,Secure,B,Passeriformes,Turdidae,Passerines,Thrushes
A288,Cettia cetti,,,B,N,N,N,N,749000,1794418,2707358,1790000,2710000,p,S,S,LC,Secure,A,LC,Secure,B,Passeriformes,Scotocercidae,Passerines,Warblers
A289,Cisticola juncidis,,,B,N,N,N,N,744000,1136336,1829420,1130000,1830000,p,S,S,LC,Secure,A,LC,Secure,B,Passeriformes,Cisticolidae,Passerines,Cisticolas
A290,Locustella naevia,,,B,N,N,N,N,1140000,318470,563410,318000,564000,p,D,D,VU A2bc+3bc+4bc,Threatened,C,LC,Secure,B,Passeriformes,Locustellidae,Passerines,Warblers
A291,Locustella fluviatilis,,,B,N,N,N,N,469000,153725,287647,153000,288000,p,D,D,VU A2bc+3bc+4bc,Threatened,C,VU,Threatened,B,Passeriformes,Locustellidae,Passerines,Warblers
A292,Locustella luscinioides,,,B,N,N,N,N,314000,142308,224985,142000,225000,p,Unk,Unk,LC,Unknown,E,LC,Unknown,B,Passeriformes,Locustellidae,Passerines,Warblers
A293,Acrocephalus melanopogon,,,B,N,Y,N,N,25900,8534,15143,8500,15200,p,S,D,LC,Depleted,B,LC,Unknown,"B,W",Passeriformes,Acrocephalidae,Passerines,Warblers
A294,Acrocephalus paludicola,,,B,N,Y,N,N,4100,3250,4743,3200,4800,cmales,I,Unk,NT C2a(ii),Near Threatened,B,VU,Threatened,B,Passeriformes,Acrocephalidae,Passerines,Warblers
A295,Acrocephalus schoenobaenus,,,B,N,N,N,N,1360000,1432144,2152506,1430000,2160000,p,D,D,LC,Secure,A,LC,Secure,B,Passeriformes,Acrocephalidae,Passerines,Warblers
A296,Acrocephalus palustris,,,B,N,N,N,N,1380000,1909097,2870249,1900000,2880000,p,D,D,LC,Declining,C,LC,Secure,B,Passeriformes,Acrocephalidae,Passerines,Warblers
A297,Acrocephalus scirpaceus,,,B,N,N,N,N,1430000,1418435,2416531,1410000,2420000,p,S,S,LC,Secure,A,LC,Secure,B,Passeriformes,Acrocephalidae,Passerines,Warblers
A298,Acrocephalus arundinaceus,,,B,N,N,N,N,744000,775926,1262398,775000,1270000,p,D,D,LC,Declining,C,LC,Secure,B,Passeriformes,Acrocephalidae,Passerines,Warblers
A299,Hippolais icterina,,,B,N,N,N,N,1130000,1037193,1515541,1030000,1520000,p,S,D,LC,Secure,A,LC,Unknown,B,Passeriformes,Acrocephalidae,Passerines,Warblers
A300,Hippolais polyglotta,,,B,N,N,N,N,867000,2139030,3532650,2130000,3540000,p,I,S,LC,Secure,A,LC,Secure,B,Passeriformes,Acrocephalidae,Passerines,Warblers
A302,Sylvia undata,,,B,N,Y,N,N,356000,597718,1429566,597000,1430000,p,D,D,NT A2bc+3bc+4bc,Near Threatened,C,NT,Near Threatened,B,Passeriformes,Sylviidae,Passerines,Warblers
A303,Sylvia conspicillata,,,B,N,N,N,N,128000,163366,444162,163000,445000,p,S,S,LC,Secure,A,LC,Unknown,B,Passeriformes,Sylviidae,Passerines,Warblers
A304,Sylvia cantillans,[excluding subalpina],,B,N,N,N,N,556000,3491258,5221584,3490000,5230000,p,I,I,LC,Secure,A,LC,Secure,B,Passeriformes,Sylviidae,Passerines,Warblers
A305,Sylvia melanocephala,,,B,N,N,N,N,813000,6925724,13629201,6920000,13700000,p,S,I,LC,Secure,A,LC,Secure,B,Passeriformes,Sylviidae,Passerines,Warblers
A307,Sylvia nisoria,,,B,N,Y,N,N,360000,157024,227773,157000,228000,p,Unk,Unk,LC,Unknown,E,LC,Unknown,B,Passeriformes,Sylviidae,Passerines,Warblers
A309,Sylvia communis,,,B,N,N,N,N,2680000,9178529,14632502,9170000,14700000,p,S,I,LC,Secure,A,LC,Secure,B,Passeriformes,Sylviidae,Passerines,Warblers
A310,Sylvia borin,,,B,N,N,N,N,2230000,4810986,8169237,4810000,8170000,p,D,D,LC,Declining,C,LC,Secure,B,Passeriformes,Sylviidae,Passerines,Warblers
A311,Sylvia atricapilla,,,B,N,N,N,N,3360000,32824289,51052394,32800000,51100000,p,I,I,LC,Secure,A,LC,Secure,B,Passeriformes,Sylviidae,Passerines,Warblers
A314,Phylloscopus sibilatrix,,,B,N,N,N,N,1780000,3060301,4587368,3060000,4590000,p,D,D,LC,Declining,C,LC,Depleted,B,Passeriformes,Phylloscopidae,Passerines,Warblers
A316,Phylloscopus trochilus,,,B,N,N,N,N,2280000,24678745,41439025,24600000,41500000,p,S,D,LC,Depleted,B,LC,Declining,B,Passeriformes,Phylloscopidae,Passerines,Warblers
A317,Regulus regulus,,,B,N,N,N,N,2340000,10620328,17031464,10600000,17100000,p,S,D,LC,Depleted,B,NT,Near Threatened,B,Passeriformes,Regulidae,Passerines,Goldcrests
A318,Regulus ignicapilla,,,B,N,N,N,N,1530000,4441740,7778190,4440000,7780000,p,I,I,LC,Secure,A,LC,Secure,B,Passeriformes,Regulidae,Passerines,Goldcrests
A319,Muscicapa striata,,,B,N,N,N,N,2880000,4296181,8048964,4290000,8050000,p,S,D,LC,Depleted,B,LC,Secure,B,Passeriformes,Muscicapidae,Passerines,Chats and flycatchers
A320,Ficedula parva,,,B,N,Y,N,N,497000,217259,539450,217000,540000,p,Unk,Unk,LC,Unknown,E,LC,Secure,B,Passeriformes,Muscicapidae,Passerines,Chats and flycatchers
A321,Ficedula albicollis,,,B,N,Y,N,N,405000,843300,2129510,843000,2130000,p,Unk,Unk,LC,Unknown,E,LC,Unknown,B,Passeriformes,Muscicapidae,Passerines,Chats and flycatchers
A322,Ficedula hypoleuca,,,B,N,N,N,N,1460000,2220195,3071780,2220000,3080000,p,D,D,LC,Declining,C,LC,Depleted,B,Passeriformes,Muscicapidae,Passerines,Chats and flycatchers
A323,Panurus biarmicus,,,B,N,N,N,N,200000,104923,163215,104000,164000,p,Unk,Unk,LC,Unknown,E,LC,Unknown,B,Passeriformes,Panuridae,Passerines,Parrotbills
A324,Aegithalos caudatus,,,B,N,N,N,N,2920000,5869695,9309914,5860000,9310000,p,S,S,LC,Secure,A,LC,Secure,B,Passeriformes,Aegithalidae,Passerines,Long-tailed tits
A330,Parus major,,,B,N,N,N,N,4090000,45292794,69255761,45200000,69300000,p,I,I,LC,Secure,A,LC,Secure,B,Passeriformes,Paridae,Passerines,Tits
A331,Sitta whiteheadi,,,B,N,Y,N,N,2400,1500,2200,1500,2200,p,D,D,VU C2a(ii),Threatened,C,VU,Threatened,B,Passeriformes,Sittidae,Passerines,Nuthatches and wallcreeper
A332,Sitta europaea,,,B,N,N,N,N,2710000,6770218,12587806,6770000,12600000,p,I,I,LC,Secure,A,LC,Secure,B,Passeriformes,Sittidae,Passerines,Nuthatches and wallcreeper
A333,Tichodroma muraria,,,B,N,N,N,N,76700,5608,11610,5600,11700,p,Unk,S,LC,Unknown,E,LC,Unknown,B,Passeriformes,Sittidae,Passerines,Nuthatches and wallcreeper
A334,Certhia familiaris,,,B,N,N,N,N,2040000,3597048,6050042,3590000,6060000,p,I,D,LC,Secure,A,LC,Secure,B,Passeriformes,Certhiidae,Passerines,Treecreepers
A335,Certhia brachydactyla,,Species-level,B,N,N,N,N,1730000,4779941,7693941,4770000,7700000,p,I,I,LC,Secure,A,LC,Secure,B,Passeriformes,Certhiidae,Passerines,Treecreepers
A336,Remiz pendulinus,,,B,N,N,N,N,397000,110298,180463,110000,181000,p,Unk,D,LC,Unknown,E,LC,Unknown,B,Passeriformes,Remizidae,Passerines,Penduline-tits
A337,Oriolus oriolus,,,B,N,N,N,N,1780000,1977492,3052209,1970000,3060000,p,S,S,LC,Secure,A,LC,Secure,B,Passeriformes,Oriolidae,Passerines,Orioles
A338,Lanius collurio,,,B,N,Y,N,N,2600000,3783746,6984834,3780000,6990000,p,I,S,LC,Secure,A,LC,Secure,B,Passeriformes,Laniidae,Passerines,Shrikes
A339,Lanius minor,,,B,N,Y,N,N,486000,82866,166531,82800,167000,p,Unk,Unk,LC,Unknown,E,LC,Unknown,B,Passeriformes,Laniidae,Passerines,Shrikes
A340,Lanius excubitor,"[excluding meridionalis, but including koenigi]",,B,N,N,N,N,576000,54520,121470,54500,122000,p,D,Unk,VU A2bc+3bc+4bc,Threatened,C,VU,Threatened,B,Passeriformes,Laniidae,Passerines,Shrikes
A341,Lanius senator,,,B,N,N,N,N,597000,1890028,2980054,1890000,2990000,p,D,D,NT A2bcde+3bcde+4bcde,Near Threatened,C,LC,Declining,B,Passeriformes,Laniidae,Passerines,Shrikes
A342,Garrulus glandarius,,,B,N,N,N,Y,3220000,4130914,7075974,4130000,7080000,p,S,I,LC,Secure,A,LC,Secure,B,Passeriformes,Corvidae,Passerines,Crows and jays
A343,Pica pica,,,B,N,N,N,Y,3540000,6908036,10722727.33,6900000,10800000,p,S,S,LC,Secure,A,LC,Secure,B,Passeriformes,Corvidae,Passerines,Crows and jays
A344,Nucifraga caryocatactes,,,B,N,N,N,N,658000,133332,283923,133000,284000,p,Unk,Unk,LC,Unknown,E,LC,Unknown,B,Passeriformes,Corvidae,Passerines,Crows and jays
A345,Pyrrhocorax graculus,,,B,N,N,N,N,143000,41750,84600,41700,84600,p,Unk,Unk,LC,Unknown,E,LC,Unknown,B,Passeriformes,Corvidae,Passerines,Crows and jays
A346,Pyrrhocorax pyrrhocorax,,,B,N,Y,N,N,260000,22615,25715,22600,25800,p,I,I,LC,Secure,A,LC,Unknown,"B,W",Passeriformes,Corvidae,Passerines,Crows and jays
A347,Corvus monedula,,,B,N,N,N,Y,2300000,5444929,9454410.333,5440000,9460000,p,I,I,LC,Secure,A,LC,Secure,B,Passeriformes,Corvidae,Passerines,Crows and jays
A348,Corvus frugilegus,,,B,N,N,N,Y,822000,2776858,5329344.333,2770000,5330000,p,D,D,LC,Declining,C,LC,Secure,B,Passeriformes,Corvidae,Passerines,Crows and jays
A349,Corvus corone,[including cornix],,B,N,N,N,Y,3700000,5225662.5,8022073.5,5220000,8030000,p,S,I,LC,Secure,A,LC,Secure,B,Passeriformes,Corvidae,Passerines,Crows and jays
A350,Corvus corax,,,B,N,N,N,N,3040000,291577,553511.3333,291000,554000,p,S,I,LC,Secure,A,LC,Secure,B,Passeriformes,Corvidae,Passerines,Crows and jays
A351,Sturnus vulgaris,,,B,N,N,N,Y,3050000,18275550.5,31858707.67,18200000,31900000,p,D,D,LC,Declining,C,LC,Secure,B,Passeriformes,Sturnidae,Passerines,Starlings
A352,Sturnus unicolor,,,B,N,N,N,N,487000,23880050,30650100,23800000,30700000,p,D,I,LC°,Secure,A,LC,Secure,B,Passeriformes,Sturnidae,Passerines,Starlings
A355,Passer hispaniolensis,,,B,N,N,N,N,398000,2339250,6560836,2330000,6570000,p,I,I,LC,Secure,A,LC,Unknown,B,Passeriformes,Passeridae,Passerines,"Sparrows, snowfinches and allies"
A356,Passer montanus,,,B,N,N,N,N,2770000,11656070,18096958,11600000,18100000,p,S,D,LC,Depleted,B,LC,Declining,B,Passeriformes,Passeridae,Passerines,"Sparrows, snowfinches and allies"
A357,Petronia petronia,,,B,N,N,N,N,400000,1335223,2177772,1330000,2180000,p,I,I,LC,Secure,A,LC,Secure,B,Passeriformes,Passeridae,Passerines,"Sparrows, snowfinches and allies"
A358,Montifringilla nivalis,,,B,N,N,N,N,85700,15940,28870,15900,28900,p,Unk,Unk,LC,Unknown,E,LC,Unknown,B,Passeriformes,Passeridae,Passerines,"Sparrows, snowfinches and allies"
A359,Fringilla coelebs,,Species-level,B,N,N,N,N,0,82335254.67,120807111,82300000,121000000,p,S,S,LC,Secure,A,LC,Secure,B,Passeriformes,Fringillidae,Passerines,Finches
A360,Fringilla montifringilla,,,B,N,N,N,N,457000,2335555,4473153,2330000,4480000,p,S,D,LC,Depleted,B,VU,Threatened,B,Passeriformes,Fringillidae,Passerines,Finches
A361,Serinus serinus,,,B,N,N,N,N,1990000,16788936,25238828,16700000,25300000,p,D,D,LC,Secure,A,LC,Secure,B,Passeriformes,Fringillidae,Passerines,Finches
A363,Chloris chloris,,,B,N,N,N,N,3640000,15908768.33,22186290,15900000,22200000,p,D,S,LC,Secure,A,LC,Secure,B,Passeriformes,Fringillidae,Passerines,Finches
A364,Carduelis carduelis,,,B,N,N,N,N,3280000,23373494,33561135,23300000,33600000,p,S,S,LC,Secure,A,LC,Secure,B,Passeriformes,Fringillidae,Passerines,Finches
A369,Loxia curvirostra,,,B,N,N,N,N,1530000,889357,2904736,889000,2910000,p,I,S,LC,Secure,A,LC,Secure,B,Passeriformes,Fringillidae,Passerines,Finches
A370,Loxia pytyopsittacus,,,B,N,N,N,N,545000,105653,253371,105000,254000,p,I,S,LC,Secure,A,LC,Secure,B,Passeriformes,Fringillidae,Passerines,Finches
A371,Carpodacus erythrinus,,,B,N,N,N,N,618000,368162,586417,368000,587000,p,D,D,NT A2bce+3bce+4bce,Near Threatened,C,VU,Threatened,B,Passeriformes,Fringillidae,Passerines,Finches
A372,Pyrrhula pyrrhula,,,B,N,N,N,N,2130000,2252989,3988493,2250000,3990000,p,I,D,LC,Secure,A,LC,Secure,B,Passeriformes,Fringillidae,Passerines,Finches
A373,Coccothraustes coccothraustes,,,B,N,N,N,N,1910000,2152653,3717088,2150000,3720000,p,I,Unk,LC,Secure,A,LC,Secure,B,Passeriformes,Fringillidae,Passerines,Finches
A374,Calcarius lapponicus,,,B,N,N,N,N,88300,163176,357705,163000,358000,p,D,D,VU A2b+A3b+4b,Threatened,C,NT,Near Threatened,B,Passeriformes,Calcariidae,Passerines,Buntings
A375,Plectrophenax nivalis,,,B,N,N,N,N,47800,19048,43083,19000,43100,p,S,D,LC,Depleted,B,LC,Depleted,B,Passeriformes,Calcariidae,Passerines,Buntings
A376,Emberiza citrinella,,,B,N,N,N,N,2590000,12792250,17569727,12700000,17600000,p,D,D,LC,Declining,C,LC,Declining,B,Passeriformes,Emberizidae,Passerines,Buntings
A377,Emberiza cirlus,,,B,N,N,N,N,1120000,2348329,4276779,2340000,4280000,p,S,S,LC,Secure,A,LC,Secure,B,Passeriformes,Emberizidae,Passerines,Buntings
A378,Emberiza cia,,,B,N,N,N,N,494000,1579680,2881290,1570000,2890000,p,D,S,LC,Secure,A,LC,Secure,B,Passeriformes,Emberizidae,Passerines,Buntings
A379,Emberiza hortulana,,,B,N,Y,N,N,671000,659419,1421125,659000,1430000,p,D,Unk,NT A2bcde+3bcde+4bcde,Near Threatened,C,LC,Declining,B,Passeriformes,Emberizidae,Passerines,Buntings
A380,Emberiza pusilla,,,B,N,N,N,N,40600,12685,33164,12600,33200,p,S,I,LC,Secure,A,LC,Depleted,B,Passeriformes,Emberizidae,Passerines,Buntings
A381,Emberiza schoeniclus,,,B,N,N,N,N,2030000,1738136,2754104,1730000,2760000,p,D,D,LC,Declining,C,LC,Secure,B,Passeriformes,Emberizidae,Passerines,Buntings
A382,Emberiza melanocephala,,,B,N,N,N,N,355000,219900,542001,219000,543000,p,Unk,Unk,LC,Unknown,E,LC,Unknown,B,Passeriformes,Emberizidae,Passerines,Buntings
A383,Emberiza calandra,,,B,N,N,N,N,1600000,14851831.5,20769209.5,14800000,20800000,p,D,S,LC,Secure,A,LC,Secure,B,Passeriformes,Emberizidae,Passerines,Buntings
A385,Pterodroma madeira,,,B,N,Y,N,N,200,65,80,60,80,p,S,I,EN D,Threatened,C,EN,Threatened,B,Procellariiformes,Procellariidae,"Petrels, Storm-petrels and Shearwaters",Petrels and shearwaters
A387,Bulweria bulwerii,,,B,N,Y,N,N,3800,46050,51070,46000,51100,p,Unk,Unk,LC,Unknown,E,LC,Unknown,B,Procellariiformes,Procellariidae,"Petrels, Storm-petrels and Shearwaters",Petrels and shearwaters
A389,Pelagodroma marina,,,B,N,Y,N,N,300,77843,110639,77800,111000,p,D,S,"EN B2ab(iii,v)",Threatened,C,EN,Threatened,B,Procellariiformes,Hydrobatidae,"Petrels, Storm-petrels and Shearwaters",Northern storm-petrels
A392,Phalacrocorax aristotelis desmarestii,,Sub-species,B,N,Y,N,N,71800,7483,9157,7400,9200,p,Unk,Unk,LC,Unknown,E,LC,Secure,"B,W",Suliformes,Phalacrocoracidae,Gannets and Cormorants,Cormorants
A394,Anser albifrons albifrons,,Sub-species,W,Y,N,N,Y-HTL,,1555500,2321223,1550000,2330000,i,I,I,LC,Secure,A,NE,Not Evaluated,W,Anseriformes,Anatidae,"Ducks, Geese and Swans","Ducks, geese and swans"
A395,Anser albifrons flavirostris,,Sub-species,W,Y,Y,N,Y-HTL,,20442,20442,20400,20500,i,D,S,VU A2abde+3bde+4abde,Threatened,C,VU,Threatened,W,Anseriformes,Anatidae,"Ducks, Geese and Swans","Ducks, geese and swans"
A396,Branta ruficollis,,,W,Y,Y,N,N,,11802,71703,11800,71800,i,D,D,VU A2bcd+3bcd+4bcd,Threatened,C,NT,Near Threatened,W,Anseriformes,Anatidae,"Ducks, Geese and Swans","Ducks, geese and swans"
A397,Tadorna ferruginea,,,B,N,Y,N,N,16800,210,340,210,340,p,I,I,NT° D1,Near Threatened,B,NT°,Near Threatened,"B,W",Anseriformes,Anatidae,"Ducks, Geese and Swans","Ducks, geese and swans"
A399,Elanus caeruleus,,,B,N,Y,N,N,71100,1300,2800,1300,2800,p,S,Unk,LC,Secure,A,LC,Secure,B,Accipitriformes,Accipitridae,Hawks and Eagles,Hawks and eagles
A400,Accipiter gentilis arrigonii,,Sub-species,B,N,Y,N,N,9900,140,170,140,170,p,Unk,Unk,VU D1,Threatened,C,VU,Threatened,B,Accipitriformes,Accipitridae,Hawks and Eagles,Hawks and eagles
A401,Accipiter nisus granti,,Sub-species,B,N,Y,N,N,5700,503,894,500,900,p,S,I,NT D1,Near Threatened,C,NT,Near Threatened,B,Accipitriformes,Accipitridae,Hawks and Eagles,Hawks and eagles
A402,Accipiter brevipes,,,B,N,Y,N,N,156000,1741,3375,1700,3400,p,S,I,LC,Secure,A,LC,Unknown,B,Accipitriformes,Accipitridae,Hawks and Eagles,Hawks and eagles
A403,Buteo rufinus,,,B,N,Y,N,N,137000,1172,2092,1100,2100,p,D,I,LC,Secure,A,LC,Secure,B,Accipitriformes,Accipitridae,Hawks and Eagles,Hawks and eagles
A404,Aquila heliaca,,,B,N,Y,N,N,30300,273,380,270,380,p,I,I,NT° D1,Near Threatened,B,NT°,Near Threatened,"B,W",Accipitriformes,Accipitridae,Hawks and Eagles,Hawks and eagles
A405,Aquila adalberti,,,B,N,Y,N,N,44400,537,537,530,540,p,I,I,VU D1,Threatened,B,VU,Threatened,"B,W",Accipitriformes,Accipitridae,Hawks and Eagles,Hawks and eagles
A411,Alectoris chukar,,,B,N,N,N,Y,103000,260615,373220,260000,374000,p,S,S,LC,Secure,A,LC,Secure,B,Galliformes,Phasianidae,"Pheasants, Partridges and Grouse","Pheasants, partridges and grouse"
A413,Alectoris graeca whitakeri,,Sub-species,B,N,Y-HTL,Y-HTL,N,13500,1500,1500,1500,1500,p,Unk,D,LC,Unknown,E,NE,Not Evaluated,B,Galliformes,Phasianidae,"Pheasants, Partridges and Grouse","Pheasants, partridges and grouse"
A414,Perdix perdix italica,,Sub-species,B,N,Y,Y-HTL,N,0,0,0,0,0,p,,D,EX,Extinct,C,EX,Extinct,B,Galliformes,Phasianidae,"Pheasants, Partridges and Grouse","Pheasants, partridges and grouse"
A415,Perdix perdix hispaniensis,,Sub-species,B,N,Y,Y-HTL,N,15200,5260,22300,5200,22300,p,D,Unk,NT C1,Near Threatened,C,NT,Near Threatened,B,Galliformes,Phasianidae,"Pheasants, Partridges and Grouse","Pheasants, partridges and grouse"
A416,Chlamydotis undulata,,,B,N,Y,N,N,1800,619,619,610,620,i,I,I,VU D1,Threatened,B,NT,Near Threatened,B,Otidiformes,Otididae,Bustards,Bustards
A419,Uria aalge ibericus,,Sub-species,B,N,Y,N,N,200,0,7,0,7,i,D,D,CR (PE) D,Threatened,C,CR,Threatened,B,Charadriiformes,Alcidae,"Waders, Gulls and Auks",Auks
A420,Pterocles orientalis,,,B,N,Y,N,N,31000,1725,4172,1700,4200,p,D,D,EN A2bce+3bce+4bce,Threatened,C,EN,Threatened,B,Pterocliformes,Pteroclidae,Sandgrouse,Sandgrouse
A421,Columba palumbus azorica,,Sub-species,B,N,Y,Y-HTL,N,7300,42168,136149,42100,137000,p,Unk,Unk,LC,Unknown,E,CR,Threatened,B,Columbiformes,Columbidae,Pigeons and Doves,Pigeons and doves
A422,Columba bollii,,,B,N,Y,N,N,2100,2500,10000,2500,10000,i,Unk,Unk,LC,Unknown,E,LC,Unknown,B,Columbiformes,Columbidae,Pigeons and Doves,Pigeons and doves
A423,Columba junoniae,,,B,N,Y,N,N,2900,1000,2500,1000,2500,i,Unk,Unk,NT B1ab(iii)+2ab(iii),Near Threatened,C,NT,Near Threatened,B,Columbiformes,Columbidae,Pigeons and Doves,Pigeons and doves
A424,Apus caffer,,,B,N,Y,N,N,8200,250,350,250,350,p,I,I,NT° D1,Near Threatened,B,NT°,Near Threatened,B,Caprimulgiformes,Apodidae,Swifts and Nightjars,Swifts
A425,Apus unicolor,,,B,N,N,N,N,11000,7500,20000,7500,20000,p,Unk,Unk,LC,Unknown,E,LC,Unknown,B,Caprimulgiformes,Apodidae,Swifts and Nightjars,Swifts
A427,Dendrocopos major canariensis,,Sub-species,B,N,Y,N,N,1200,200,200,200,200,p,I,I,VU D1,Threatened,B,VU,Threatened,B,Piciformes,Picidae,Woodpeckers,Woodpeckers
A428,Dendrocopos major thanneri,,Sub-species,B,N,Y,N,N,800,1000,1000,1000,1000,p,Unk,Unk,LC,Unknown,E,NT,Near Threatened,B,Piciformes,Picidae,Woodpeckers,Woodpeckers
A429,Dendrocopos syriacus,,,B,N,Y,N,N,531000,60005,128110,60000,129000,p,U,Unk,LC,Unknown,E,LC,Unknown,B,Piciformes,Picidae,Woodpeckers,Woodpeckers
A430,Chersophilus duponti,,,B,N,Y,N,N,24800,2335,2335,2300,2400,p,D,D,VU A2bc+3bc+4bc;C1+2a(i),Threatened,C,VU,Threatened,B,Passeriformes,Alaudidae,Passerines,Larks
A432,Anthus berthelotii,,,B,N,N,N,N,13500,30000,150000,30000,150000,p,Unk,Unk,LC,Unknown,E,LC,Unknown,B,Passeriformes,Motacillidae,Passerines,Wagtails and pipits
A433,Lanius nubicus,,,B,N,Y,N,N,53400,5200,14200,5200,14200,p,S,Unk,LC,Secure,A,LC,Unknown,B,Passeriformes,Laniidae,Passerines,Shrikes
A434,Troglodytes troglodytes fridariensis,,Sub-species,B,N,Y,N,N,100,38,38,38,38,p,I,I,EN D,Threatened,B,CR,Threatened,B,Passeriformes,Troglodytidae,Passerines,Wrens
A435,Oenanthe isabellina,,,B,N,N,N,N,57200,7050,25200,7000,25200,p,I,I,LC,Secure,A,LC,Secure,B,Passeriformes,Muscicapidae,Passerines,Chats and flycatchers
A437,Saxicola dacotiae,,,B,N,Y,N,N,2500,13376,15492,13300,15500,i,Unk,Unk,"NT B1a(i)b(ii,iii); C2a(ii)",Near Threatened,C,NT,Near Threatened,B,Passeriformes,Muscicapidae,Passerines,Chats and flycatchers
A439,Hippolais olivetorum,,,B,N,Y,N,N,117000,4750,9500,4700,9500,p,S,Unk,LC,Secure,A,LC,Secure,B,Passeriformes,Acrocephalidae,Passerines,Warblers
A440,Sylvia ruppeli,,,B,N,Y,N,N,21100,3000,10000,3000,10000,p,S,S,LC,Secure,A,LC,Unknown,B,Passeriformes,Sylviidae,Passerines,Warblers
A442,Ficedula semitorquata,,,B,N,Y,N,N,66000,3500,7500,3500,7500,p,Unk,S,LC,Unknown,E,LC,Unknown,B,Passeriformes,Muscicapidae,Passerines,Chats and flycatchers
A444,Sitta krueperi,,,B,N,Y,N,N,2000,540,660,540,660,p,I,I,NT D1,Near Threatened,B,NT,Near Threatened,B,Passeriformes,Sittidae,Passerines,Nuthatches and wallcreeper
A445,Sitta neumayer,,,B,N,N,N,N,69300,11200,31500,11200,31500,p,S,I,LC,Secure,A,LC,Unknown,B,Passeriformes,Sittidae,Passerines,Nuthatches and wallcreeper
A446,Emberiza cineracea,,,B,N,Y,N,N,3800,80,200,80,200,p,D,I,EN C2a(i); D,Threatened,C,VU,Threatened,B,Passeriformes,Emberizidae,Passerines,Buntings
A447,Emberiza caesia,,,B,N,Y,N,N,181000,15000,40000,15000,40000,p,I,Unk,LC,Secure,A,LC,Secure,B,Passeriformes,Emberizidae,Passerines,Buntings
A448,Fringilla coelebs ombriosa,,Sub-species,B,N,Y,N,N,500,1000,5000,1000,5000,p,Unk,Unk,NT B1ab(iii)+2ab(iii),Near Threatened,C,NT,Near Threatened,B,Passeriformes,Fringillidae,Passerines,Finches
A450,Serinus canaria,,,B,N,N,N,N,16900,1192117,2481398,1190000,2490000,p,S,Unk,LC,Secure,A,LC,Unknown,B,Passeriformes,Fringillidae,Passerines,Finches
A451,Loxia scotica,,,B,N,Y,N,N,0,4065,11350,4000,11400,p,Unk,Unk,LC,Unknown,E,LC,Unknown,B,Passeriformes,Fringillidae,Passerines,Finches
A452,Bucanetes githagineus,,,B,N,Y,N,N,6600,10300,20600,10300,20600,p,D,D,LC,Declining,C,LC,Secure,B,Passeriformes,Fringillidae,Passerines,Finches
A453,Pyrrhula murina,,,B,N,Y,N,N,700,257,841,250,850,p,S,I,VU D1+2,Threatened,C,EN,Threatened,B,Passeriformes,Fringillidae,Passerines,Finches
A455,Columba trocaz,,,B,N,Y,N,N,1300,10000,14000,10000,14000,i,I,I,LC,Secure,A,LC,Secure,B,Columbiformes,Columbidae,Pigeons and Doves,Pigeons and doves
A456,Surnia ulula,,,B,N,Y,N,N,336000,1400,21200,1400,21200,p,F,F,LC,Secure,A,LC,Secure,B,Strigiformes,Strigidae,Owls,Typical owls
A457,Strix nebulosa,,,B,N,Y,N,N,219000,694,1561,690,1600,p,I,S,LC,Secure,A,LC,Secure,B,Strigiformes,Strigidae,Owls,Typical owls
A459,Larus cachinnans,,,B,N,N,N,Y,9000,5645,9509,5600,9600,p,I,I,LC,Secure,A,LC,Secure,B,Charadriiformes,Laridae,"Waders, Gulls and Auks",Gulls and terns
A460-X,Meleagris gallopavo,,,B,N,N,N,Y,,,,,,,,,N/A,Not Evaluated,,NE,Not Evaluated,B,Galliformes,Phasianidae,"Pheasants, Partridges and Grouse","Pheasants, partridges and grouse"
A461,Lagopus lagopus lagopus,,Sub-species,B,N,N,N,Y,365000,108176,494607,108000,495000,p,D,D,NT,Near Threatened,C,EN,Threatened,B,Galliformes,Phasianidae,"Pheasants, Partridges and Grouse","Pheasants, partridges and grouse"
A463,Lagopus lagopus hibernica,,Sub-species,B,N,N,Y,N,17100,1910,2318,1900,2400,p,D,D,VU A2bcd+3cbd+4cbd; C1,Threatened,C,VU,Threatened,B,Galliformes,Phasianidae,"Pheasants, Partridges and Grouse","Pheasants, partridges and grouse"
A464,Puffinus yelkouan,,,B,N,Y,N,N,63900,23549,40339,23500,40400,p,Unk,Unk,VU A2abcde,Threatened,C,LC,Secure,B,Procellariiformes,Procellariidae,"Petrels, Storm-petrels and Shearwaters",Petrels and shearwaters
A466,Calidris alpina schinzii,,Sub-species,B,N,Y,N,N,58100,9028,11157,9000,11200,p,D,D,EN A2bce+A3bce+A4bce,Threatened,C,EN for the Baltic population and LC for the UK and Ireland population,"Secure overall, but Threatened for the Baltic population and Secure for the UK and Ireland population",B,Charadriiformes,Scolopacidae,"Waders, Gulls and Auks","Sandpipers, snipes and phalaropes"
A467,Oenanthe cypriaca,,,B,N,Y,N,N,7500,50000,100000,50000,100000,p,I,Unk,LC,Secure,A,LC,Secure,B,Passeriformes,Muscicapidae,Passerines,Chats and flycatchers
A468,Sylvia melanothorax,,,B,N,Y,N,N,7300,60000,90000,60000,90000,p,S,D,LC,Depleted,B,LC,Declining,B,Passeriformes,Sylviidae,Passerines,Warblers
A469,Certhia brachydactyla dorotheae,,Sub-species,B,N,Y,N,N,2100,4000,5300,4000,5300,p,I,Unk,LC,Secure,A,LC,Secure,B,Passeriformes,Certhiidae,Passerines,Treecreepers
A471,Periparus ater cypriotes,,Sub-species,B,N,Y-CTC,N,N,2500,43000,79000,43000,79000,p,Unk,Unk,LC,Unknown,E,LC,Secure,B,Passeriformes,Paridae,Passerines,Tits
A472,Periparus ater all others,,Sub-species,B,N,N,N,N,2350000,10974326,18556455,10900000,18600000,p,S,S,LC,Secure,A,NE,Not Evaluated,B,Passeriformes,Paridae,Passerines,Tits
A473,Periparus ater,,Species-level,B,N,N,N,N,2350000,11017326,18635455,11000000,18700000,p,S,S,LC,Secure,A,LC,Secure,B,Passeriformes,Paridae,Passerines,Tits
A474,Acanthis flammea,[including cabaret and exilipes],,B,N,N,N,N,962000,875322,2085829,875000,2090000,p,I,D,LC,Depleted,B,LC,Secure,B,Passeriformes,Fringillidae,Passerines,Finches
A475,Alaudala rufescens,,,B,N,N,N,N,15100,240010,280100,240000,281000,p,D,D,LC,Declining,C,LC,Declining,B,Passeriformes,Alaudidae,Passerines,Larks
A476,Linaria cannabina,,,B,N,N,N,N,2820000,13928516.33,19013484,13900000,19100000,p,I,D,LC,Depleted,B,LC,Declining,B,Passeriformes,Fringillidae,Passerines,Finches
A477,Linaria flavirostris,,,B,N,N,N,N,59700,6042,10757,6000,10800,p,D,D,VU A2bc+3bc+4bc,Threatened,C,VU,Threatened,B,Passeriformes,Fringillidae,Passerines,Finches
A478,Spinus spinus,,,B,N,N,N,N,1570000,2689701,4632556,2680000,4640000,p,S,S,LC,Secure,A,LC,Secure,B,Passeriformes,Fringillidae,Passerines,Finches
A479,Cecropis daurica,,,B,N,N,N,N,539000,1374260,3187176,1370000,3190000,p,I,S,LC,Secure,A,LC,Secure,B,Passeriformes,Hirundinidae,Passerines,Swallows and martins
A480,Cyanecula svecica,,,B,N,Y-CTC,N,N,367000,235466,483918,235000,484000,p,S,D,LC,Depleted,B,LC,Depleted,"B,W",Passeriformes,Muscicapidae,Passerines,Chats and flycatchers
A481,Cyanopica cooki,,,B,N,N,N,N,139000,356500,896000,356000,896000,p,I,I,LC,Secure,A,LC,Secure,B,Passeriformes,Corvidae,Passerines,Crows and jays
A483,Cyanistes caeruleus s. str.,sensu stricto [excluding teneriffae],,B,N,N,N,N,3530000,24949466.67,38791862,24900000,38800000,p,S,I,LC,Secure,A,LC,Secure,B,Passeriformes,Paridae,Passerines,Tits
A484,Cyanistes teneriffae,"[including degener, hedwigii, ombriosus, palmensis and ultramarinus]",,B,N,N,N,N,8700,20300,100400,20300,101000,p,Unk,Unk,LC,Unknown,E,NE,Not Evaluated,B,Passeriformes,Paridae,Passerines,Tits
A485,Fringilla polatzeki,,,B,N,Y-CTC,N,N,400,159,159,150,160,p,I,I,EN D,Threatened,B,NE,Not Evaluated,B,Passeriformes,Fringillidae,Passerines,Finches
A486,Fringilla teydea s. str.,sensu stricto [excluding polatzeki],,B,N,Y,N,N,1300,1000,2500,1000,2500,p,I,I,NT D2,Near Threatened,B,NT,Near Threatened,B,Passeriformes,Fringillidae,Passerines,Finches
A487,Iduna pallida s. str.,sensu stricto [excluding opaca],,B,N,N,N,N,244000,168185,427265,168000,428000,p,I,S,LC,Secure,A,LC,Unknown,B,Passeriformes,Acrocephalidae,Passerines,Warblers
A488,Iduna opaca,,,B,N,N,N,N,13400,5000,5000,5000,5000,p,S,S,LC,Secure,A,LC,Secure,B,Passeriformes,Acrocephalidae,Passerines,Warblers
A490,Poecile cinctus,,,B,N,N,N,N,174000,71811,195496,71800,196000,p,D,D,NT A2b+3b+4b,Near Threatened,C,VU,Threatened,B,Passeriformes,Paridae,Passerines,Tits
A491,Poecile lugubris,,,B,N,N,N,N,224000,26000,74010,26000,74100,p,S,S,LC,Secure,A,LC,Unknown,B,Passeriformes,Paridae,Passerines,Tits
A492,Poecile montanus,,,B,N,N,N,N,1650000,2057085,3549181,2050000,3550000,p,D,D,NT A2b+3b+4b,Near Threatened,C,VU,Threatened,B,Passeriformes,Paridae,Passerines,Tits
A493,Poecile palustris,,,B,N,N,N,N,1760000,2881562,5178880,2880000,5180000,p,S,D,LC,Secure,A,LC,Secure,B,Passeriformes,Paridae,Passerines,Tits
A494,Pastor roseus,,,B,N,N,N,N,11000,1260,35000,1200,35000,p,Unk,Unk,LC,Unknown,E,LC,Unknown,B,Passeriformes,Sturnidae,Passerines,Starlings
A496,Lanius meridionalis,[excluding koenigi],,B,N,N,N,N,160000,360550,606150,360000,607000,p,D,D,VU A2abc+3bc+4abc,Threatened,C,NE,Not Evaluated,B,Passeriformes,Laniidae,Passerines,Shrikes
A497,Lophophanes cristatus,,,B,N,N,N,N,1930000,3496073,5999247,3490000,6000000,p,S,D,LC,Secure,A,LC,Secure,B,Passeriformes,Paridae,Passerines,Tits
A498,Phylloscopus orientalis,,,B,N,N,N,N,55400,14025,37050,14000,37100,p,Unk,S,LC,Unknown,E,NE,Not Evaluated,B,Passeriformes,Phylloscopidae,Passerines,Warblers
A499,Phylloscopus bonelli s. str.,sensu stricto [excluding orientalis],,B,N,N,N,N,428000,2360831,3116519,2360000,3120000,p,I,S,LC,Secure,A,LC,Secure,B,Passeriformes,Phylloscopidae,Passerines,Warblers
A500,Sylvia sarda s. str.,sensu stricto [excluding balearica],,B,N,Y,N,N,29400,60000,65000,60000,65000,p,Unk,Unk,LC,Unknown,E,LC,Unknown,B,Passeriformes,Sylviidae,Passerines,Warblers
A506,Polysticta stelleri,,,W,Y,Y,N,N,,803,1544,800,1600,i,D,S,EN A2bcd+3bcd+4bcd; C1,Threatened,C,EN,Threatened,W,Anseriformes,Anatidae,"Ducks, Geese and Swans","Ducks, geese and swans"
A511,Falco cherrug,,,B,N,Y,N,N,33800,212,279,210,280,p,D,I,EN C2a(ii),Threatened,C,VU,Threatened,"B,W",Falconiformes,Falconidae,Falcons,Falcons
A515,Glareola nordmanni,,,B,N,N,N,N,0,0,0,0,0,p,D,D,RE,Threatened,C,CR,Threatened,B,Charadriiformes,Glareolidae,"Waders, Gulls and Auks",Coursers and pratincoles
A516,Charadrius leschenaultii,,,W,Y,N,N,N,,15,25,15,25,i,D,I,CR C2a(i); D,Threatened,C,CR,Threatened,W,Charadriiformes,Charadriidae,"Waders, Gulls and Auks",Plovers
A532,Oenanthe finschii,,,W,Y,N,N,N,,150,300,150,300,i,Unk,Unk,NT°° D1,Near Threatened,C,NE,Not Evaluated,W,Passeriformes,Muscicapidae,Passerines,Chats and flycatchers
A533,Oenanthe pleschanka,,,B,N,Y,N,N,1300,610,1200,610,1200,p,Unk,Unk,LC°,Unknown,E,LC,Unknown,B,Passeriformes,Muscicapidae,Passerines,Chats and flycatchers
A534,Tarsiger cyanurus,,,B,N,N,N,N,11800,750,5510,750,5600,p,I,I,LC,Secure,A,LC°°,Secure,B,Passeriformes,Muscicapidae,Passerines,Chats and flycatchers
A540,Emberiza aureola,,,B,N,N,N,N,0,0,0,0,0,p,D,D,CR (PE) D,Threatened,C,CR,Threatened,B,Passeriformes,Emberizidae,Passerines,Buntings
A542,Emberiza rustica,,,B,N,N,N,N,212000,167136,318700,167000,319000,p,S,D,LC,Depleted,B,VU,Threatened,B,Passeriformes,Emberizidae,Passerines,Buntings
A544,Loxia leucoptera,,,B,N,N,N,N,137000,2200,56000,2200,56000,p,S,S,LC,Secure,A,LC,Secure,B,Passeriformes,Fringillidae,Passerines,Finches
A545,Pinicola enucleator,,,B,N,N,N,N,127000,6823,22706,6800,22800,p,F,F,LC,Secure,A,LC,Secure,B,Passeriformes,Fringillidae,Passerines,Finches
A548,Perisoreus infaustus,,,B,N,N,N,N,352000,70550,154737,70500,155000,p,F,F,LC,Secure,A,LC,Secure,B,Passeriformes,Corvidae,Passerines,Crows and jays
A569,Sylvia balearica,,,B,N,Y-CTC,N,N,3100,14000,25000,14000,25000,p,S,Unk,LC,Secure,A,NE,Not Evaluated,B,Passeriformes,Sylviidae,Passerines,Warblers
A570,Sylvia hortensis s. str.,sensu stricto [excluding crassirostris],,B,N,N,N,N,100000,123700,246000,123000,246000,p,I,I,LC,Secure,A,LC,Secure,B,Passeriformes,Sylviidae,Passerines,Warblers
A571,Sylvia crassirostris,,,B,N,N,N,N,203000,16000,62000,16000,62000,p,Unk,Unk,LC,Unknown,E,NE,Not Evaluated,B,Passeriformes,Sylviidae,Passerines,Warblers
A572,Phylloscopus collybita s. str.,"sensu stricto [excluding canariensis, ibericus and tristis]",,B,N,N,N,N,2990000,21230266,32608923,21200000,32700000,p,I,S,LC,Secure,A,LC,Secure,B,Passeriformes,Phylloscopidae,Passerines,Warblers
A573,Phylloscopus trochiloides s. str.,sensu stricto [excluding nitidus and plumbeitarsus],,B,N,N,N,N,145000,41121,124171,41100,125000,p,I,I,LC,Secure,A,LC,Secure,B,Passeriformes,Phylloscopidae,Passerines,Warblers
A574,Sylvia curruca,[including minula],,B,N,N,N,N,2250000,2446496,4034483,2440000,4040000,p,S,Unk,LC,Secure,A,LC,Secure,B,Passeriformes,Sylviidae,Passerines,Warblers
A604,Larus michahellis,,,B,N,N,N,Y-CTC,232000,382021,490815,382000,491000,p,Unk,Unk,LC,Unknown,E,LC,Secure,B,Charadriiformes,Laridae,"Waders, Gulls and Auks",Gulls and terns
A605,Phylloscopus borealis,,,B,N,N,N,N,3600,160,830,160,830,p,D,D,VU C1+2a(ii),Threatened,C,VU,Threatened,B,Passeriformes,Phylloscopidae,Passerines,Warblers
A608,Motacilla citreola,,,B,N,N,N,N,10800,460,844,460,850,p,I,I,LC°,Secure,A,LC°°,Secure,B,Passeriformes,Motacillidae,Passerines,Wagtails and pipits
A613,Phylloscopus canariensis,,,B,N,N,N,N,7400,20000,100000,20000,100000,p,Unk,Unk,LC,Unknown,E,LC,Secure,B,Passeriformes,Phylloscopidae,Passerines,Warblers
A618,Phylloscopus ibericus,,,B,N,N,N,N,86300,462284,767629,462000,768000,p,S,I,LC,Secure,A,LC,Secure,B,Passeriformes,Phylloscopidae,Passerines,Warblers
A620,Passer domesticus s. str.,sensu stricto [excluding italiae],,B,N,N,N,N,2980000,109395170,143992309,109000000,144000000,p,S,D,LC,Depleted,B,LC,Depleted,B,Passeriformes,Passeridae,Passerines,"Sparrows, snowfinches and allies"
A621,Passer italiae,,,B,N,N,N,N,295000,2103025,3424040,2100000,3430000,p,D,D,VU A2bce+3bce+4bce,Threatened,C,NE,Not Evaluated,B,Passeriformes,Passeridae,Passerines,"Sparrows, snowfinches and allies"
A623,Carduelis citrinella s. str.,sensu stricto [excluding corsicana],,B,N,N,N,N,73900,240400,262210,240000,263000,p,F,Unk,LC,Secure,A,LC,Secure,B,Passeriformes,Fringillidae,Passerines,Finches
A629,Lagopus lagopus rossica,,Sub-species,B,N,N,N,N,1700,10,21,10,21,p,D,D,CR C2a(i); D,Threatened,C,NE,Not Evaluated,B,Galliformes,Phasianidae,"Pheasants, Partridges and Grouse","Pheasants, partridges and grouse"
A637,Certhia brachydactyla all others,,Sub-species,B,N,N,N,N,1730000,4775941,7688641,4770000,7690000,p,I,I,LC,Secure,A,NE,Not Evaluated,B,Passeriformes,Certhiidae,Passerines,Treecreepers
A644,Perdix perdix all others,,Sub-species,B,N,N,Y-HTL,N,1270000,762705,1288835,762000,1290000,p,D,D,VU A2bcde+3bcde+4bcde,Threatened,C,NE,Not Evaluated,B,Galliformes,Phasianidae,"Pheasants, Partridges and Grouse","Pheasants, partridges and grouse"
A652,Regulus madeirensis,,,B,N,N,N,N,1600,50000,100000,50000,100000,p,I,I,LC,Secure,A,LC,Secure,B,Passeriformes,Regulidae,Passerines,Goldcrests
A657,Fringilla coelebs all others,,Sub-species,B,N,N,N,N,4630000,82334254.67,120802111,82300000,121000000,p,S,S,LC,Secure,A,NE,Not Evaluated,B,Passeriformes,Fringillidae,Passerines,Finches
A658,Dendrocopos major all others,,Sub-species,B,N,N,N,N,3200000,4541996,6971043,4540000,6980000,p,I,I,LC,Secure,A,NE,Not Evaluated,B,Piciformes,Picidae,Woodpeckers,Woodpeckers
A663,Phoenicopterus roseus,,,B,N,Y-CTC,N,N,7500,24675,84485,24600,84500,p,S,I,LC,Secure,A,LC,Secure,"B,W",Phoenicopteriformes,Phoenicopteridae,Storks and Flamingo,Flamingos
A666,Anthus petrosus,,,B,N,N,N,N,162000,64790,82271,64700,82300,p,Unk,Unk,LC,Unknown,E,LC,Unknown,B,Passeriformes,Motacillidae,Passerines,Wagtails and pipits
A669,Carduelis corsicana,,,B,N,N,N,N,17500,13000,25500,13000,25500,p,Unk,Unk,LC,Unknown,E,LC,Unknown,B,Passeriformes,Fringillidae,Passerines,Finches
A672,Calidris alpina alpina,,Sub-species,B,N,N,N,N,88200,21500,39500,21500,39500,p,I,S,LC,Secure,A,NE,Not Evaluated,B,Charadriiformes,Scolopacidae,"Waders, Gulls and Auks","Sandpipers, snipes and phalaropes"
A676,Troglodytes troglodytes all others,,Sub-species,B,N,N,N,N,3300000,29709896,48352506,29700000,48400000,p,I,S,LC,Secure,A,NE,Not Evaluated,B,Passeriformes,Troglodytidae,Passerines,Wrens
A677,Apus affinis,,,B,N,N,N,N,1000,22,22,22,22,p,I,I,VU°° D1,Threatened,B,VU°°,Threatened,B,Caprimulgiformes,Apodidae,Swifts and Nightjars,Swifts
A679,Acrocephalus dumetorum,,,B,N,N,N,N,233000,120448,312728,120000,313000,p,I,I,LC,Secure,A,LC,Secure,B,Passeriformes,Acrocephalidae,Passerines,Warblers
A680,Acrocephalus agricola,,,B,N,N,N,N,470,3080,20200,3000,20200,p,Unk,Unk,LC,Unknown,E,LC,Unknown,B,Passeriformes,Acrocephalidae,Passerines,Warblers
A684,Phalacrocorax aristotelis aristotelis,,Sub-species,B,N,N,N,N,71600,27921,35181,27900,35200,p,S,D,LC,Depleted,B,NE,Not Evaluated,B,Suliformes,Phalacrocoracidae,Gannets and Cormorants,Cormorants
A686,Iduna caligata,,,B,N,N,N,N,7600,460,1750,460,1800,p,I,Unk,LC,Secure,A,LC°°,Unknown,B,Passeriformes,Acrocephalidae,Passerines,Warblers
A687,Columba palumbus palumbus,,Sub-species,B,N,N,Y-HTL,N,3520000,18925295,25802859,18900000,25900000,p,I,I,LC,Secure,A,NE,Not Evaluated,B,Columbiformes,Columbidae,Pigeons and Doves,Pigeons and doves
A693,Puffinus mauretanicus,,,B,N,Y,N,N,1700,2907,2907,2900,3000,p,D,D,CR A4abcde,Threatened,C,CR,Threatened,"B,W",Procellariiformes,Procellariidae,"Petrels, Storm-petrels and Shearwaters",Petrels and shearwaters
A701,Anser fabalis fabalis,,Sub-species,B,N,N,Y-HTL,N,102000,1260,3100,1200,3100,p,D,Unk,VU C1+2a(ii),Threatened,C,NE,Not Evaluated,"B,W",Anseriformes,Anatidae,"Ducks, Geese and Swans","Ducks, geese and swans"
A702,Anser fabalis rossicus,,Sub-species,W,Y,N,Y-HTL,N,,647045,877461,647000,878000,i,I,I,LC,Secure,A,NE,Not Evaluated,W,Anseriformes,Anatidae,"Ducks, Geese and Swans","Ducks, geese and swans"
A707,Aquila fasciata,,,B,N,Y-CTC,N,N,153000,1079,1194,1000,1200,p,S,S,LC,Secure,A,NT,Near Threatened,B,Accipitriformes,Accipitridae,Hawks and Eagles,Hawks and eagles
A711,Lagopus lagopus scotica,,Sub-species,B,N,N,Y,N,87200,264765,264765,264000,265000,p,I,S,LC,Secure,A,LC,Secure,B,Galliformes,Phasianidae,"Pheasants, Partridges and Grouse","Pheasants, partridges and grouse"
A712,Lagopus muta pyrenaica,,Sub-species,B,N,Y,Y-HTL,N,7000,1305,5362,1300,5400,p,S,D,NT C2a(ii),Near Threatened,B,NT,Near Threatened,B,Galliformes,Phasianidae,"Pheasants, Partridges and Grouse","Pheasants, partridges and grouse"
A713,Lagopus muta helvetica,,Sub-species,B,N,Y,Y-HTL,N,88200,23450,31750,23400,31800,p,S,S,LC,Secure,A,LC,Secure,B,Galliformes,Phasianidae,"Pheasants, Partridges and Grouse","Pheasants, partridges and grouse"
A716,Francolinus francolinus francolinus,,,B,N,N,N,Y-HTL,6900,3600,7600,3600,7600,p,I,I,LC,Secure,A,NE,Not Evaluated,B,Galliformes,Phasianidae,"Pheasants, Partridges and Grouse","Pheasants, partridges and grouse"
A717,Turnix sylvaticus,,,B,N,Y,N,N,0,0,0,0,0,p,,D,RE,Threatened,C,CR (PE),Threatened,B,Charadriiformes,Turnicidae,"Waders, Gulls and Auks",Buttonquails
A722,Porphyrio porphyrio porphyrio,,,B,N,Y-HTL,N,N,32900,4057,4734,4000,4800,p,D,I,LC,Secure,A,LC,Secure,B,Gruiformes,Rallidae,"Cranes, Rails, Gallinules and Coots","Rails, gallinules and coots"
A727,Eudromias morinellus,,,B,N,Y,N,N,98900,3788,7766,3700,7800,males,Unk,U,LC,Unknown,E,LC,Secure,"B,W",Charadriiformes,Charadriidae,"Waders, Gulls and Auks",Plovers
A728,Vanellus spinosus,,,B,N,Y-CTC,N,N,4400,80,130,80,130,p,I,I,VU° D1,Threatened,B,VU°,Threatened,"B,W",Charadriiformes,Charadriidae,"Waders, Gulls and Auks",Plovers
A734,Chlidonias hybrida,,,B,N,Y,N,N,41900,25159,41432,25100,41500,p,Unk,I,LC,Unknown,E,LC,Unknown,B,Charadriiformes,Laridae,"Waders, Gulls and Auks",Gulls and terns
A736,Bubo scandiacus,,,B,N,Y-CTC,N,N,5200,0,47,0,47,p,F,F,CR D,Threatened,C,CR,Threatened,B,Strigiformes,Strigidae,Owls,Typical owls
A738,Delichon urbicum,,,B,N,N,N,N,3530000,8558406,18599863,8550000,18600000,p,S,D,LC,Depleted,B,LC,Depleted,B,Passeriformes,Hirundinidae,Passerines,Swallows and martins
A767,Mergellus albellus,,,B,N,Y,N,N,145000,2800,6900,2800,6900,p,S,I,LC,Secure,A,LC,Secure,"B,W",Anseriformes,Anatidae,"Ducks, Geese and Swans","Ducks, geese and swans"
A773,Ardea alba,,,B,N,Y,N,N,110000,7771,10731,7700,10800,p,I,I,LC,Secure,A,LC,Secure,"B,W",Pelecaniformes,Ardeidae,"Herons, Pelicans, Ibises and Spoonbills",Herons
A798,Larus armenicus,,,W,Y,N,N,N,,50,200,50,200,i,Unk,Unk,VU° D1,Threatened,C,NE,Not Evaluated,W,Charadriiformes,Laridae,"Waders, Gulls and Auks",Gulls and terns
A800,Larus ichthyaetus,,,B,N,N,N,N,0,0,0,0,0,p,,,N/A,Not Evaluated,,NE,Not Evaluated,B,Charadriiformes,Laridae,"Waders, Gulls and Auks",Gulls and terns
A839,Lagopus muta,,Species-level,B,N,N,Y,N,197000,113755,246612,113000,247000,p,I,I,LC,Secure,A,VU,Threatened,B,Galliformes,Phasianidae,"Pheasants, Partridges and Grouse","Pheasants, partridges and grouse"
A850,Calonectris diomedea s. str.,sensu stricto [excluding borealis],,B,N,Y,N,N,122000,28519,47091,28500,47100,p,Unk,S,LC,Unknown,E,LC,Secure,B,Procellariiformes,Procellariidae,"Petrels, Storm-petrels and Shearwaters",Petrels and shearwaters
A851,Calonectris borealis,,,B,N,Y-CTC,N,N,12700,251876,252851,251000,253000,p,Unk,Unk,LC,Unknown,E,LC,Unknown,B,Procellariiformes,Procellariidae,"Petrels, Storm-petrels and Shearwaters",Petrels and shearwaters
A854,Hydrobates leucorhous,,,B,N,Y-CTC,N,N,500,36742,65193,36700,65200,p,D,Unk,VU B2ab(v),Threatened,C,VU,Threatened,B,Procellariiformes,Hydrobatidae,"Petrels, Storm-petrels and Shearwaters",Northern storm-petrels
A855,Mareca penelope,,,B,N,N,Y-CTC,N,508000,41653,70006,41600,70100,p,D,D,VU A2bcde+3bcde+4bcde,Threatened,C,VU,Threatened,"B,W",Anseriformes,Anatidae,"Ducks, Geese and Swans","Ducks, geese and swans"
A856,Spatula querquedula,,,B,N,N,Y-CTC,N,337000,9147,18175,9100,18200,p,D,D,VU A2bcde+3bcde+4bcde,Threatened,C,VU,Threatened,B,Anseriformes,Anatidae,"Ducks, Geese and Swans","Ducks, geese and swans"
A857,Spatula clypeata,,,B,N,N,Y-CTC,N,481000,24180,34491,24100,34500,p,D,D,NT A2bcde+3bcde+4bcde,Near Threatened,C,LC,Depleted,"B,W",Anseriformes,Anatidae,"Ducks, Geese and Swans","Ducks, geese and swans"
A858,Clanga pomarina,,,B,N,Y-CTC,N,N,196000,10817,15246,10800,15300,p,I,S,LC,Secure,A,LC,Secure,B,Accipitriformes,Accipitridae,Hawks and Eagles,Hawks and eagles
A859,Clanga clanga,,,B,N,Y-CTC,N,N,3100,18,31,18,31,p,D,D,CR C1+2a(i); D,Threatened,C,CR,Threatened,"B,W",Accipitriformes,Accipitridae,Hawks and Eagles,Hawks and eagles
A860,Calidris falcinellus,,,B,N,N,N,N,135000,18390,32872,18300,32900,p,D,S,VU A2bc+3bc+4bc,Threatened,C,LC,Unknown,B,Charadriiformes,Scolopacidae,"Waders, Gulls and Auks","Sandpipers, snipes and phalaropes"
A861,Calidris pugnax,,,B,N,Y-CTC,N,Y-CTC,223000,41542,94688,41500,94700,i,D,D,NT A2bcde,Near Threatened,C,EN,Threatened,"B,W",Charadriiformes,Scolopacidae,"Waders, Gulls and Auks","Sandpipers, snipes and phalaropes"
A862,Hydrocoloeus minutus,,,B,N,Y-CTC,N,N,182000,11773,15946,11700,16000,p,S,I,LC,Secure,A,LC,Secure,"B,W",Charadriiformes,Laridae,"Waders, Gulls and Auks",Gulls and terns
A863,Thalasseus sandvicensis,,,B,N,Y-CTC,N,N,24800,59084,68696,59000,68700,p,I,I,LC,Secure,A,LC,Secure,"B,W",Charadriiformes,Laridae,"Waders, Gulls and Auks",Gulls and terns
A866,Picus viridis s. str.,sensu stricto [excluding sharpei],,B,N,N,N,N,2010000,500004,911611,500000,912000,p,S,I,LC,Secure,A,LC,Secure,B,Piciformes,Picidae,Woodpeckers,Woodpeckers
A867,Picus sharpei,,,B,N,N,N,N,184000,244380,468850,244000,469000,p,D,D,LC,Declining,C,NT,Near Threatened,B,Piciformes,Picidae,Woodpeckers,Woodpeckers
A868,Leiopicus medius,,,B,N,Y-CTC,N,N,1040000,254685,561255,254000,562000,p,S,Unk,LC,Secure,A,LC,Secure,B,Piciformes,Picidae,Woodpeckers,Woodpeckers
A869,Dryobates minor,,,B,N,N,N,N,1730000,177478,373435,177000,374000,p,D,U,NT A2b+A3b+A4b,Near Threatened,C,LC,Secure,B,Piciformes,Picidae,Woodpeckers,Woodpeckers
A872,Pterodroma deserta,,,B,N,Y-CTC,N,N,200,160,180,160,180,p,S,S,VU D1+2,Threatened,C,VU,Threatened,B,Procellariiformes,Procellariidae,"Petrels, Storm-petrels and Shearwaters",Petrels and shearwaters
A874,Hydrobates castro,,,B,N,Y-CTC,N,N,2500,6625,2125,6600,2200,p,Unk,Unk,LC,Unknown,E,LC,Unknown,B,Procellariiformes,Hydrobatidae,"Petrels, Storm-petrels and Shearwaters",Northern storm-petrels
A875,Microcarbo pygmaeus,,,B,N,Y-CTC,N,N,21600,16192,18269,16100,18300,p,I,I,LC,Secure,A,LC,Secure,"B,W",Suliformes,Phalacrocoracidae,Gannets and Cormorants,Cormorants
A876,Lyrurus tetrix tetrix,,Sub-species,B,N,Y-CTC,N,Y-CTC-HTL,911000,518614,862773,518000,863000,cmales,D,D,VU A2bcde+3bcde+4bcde,Threatened,C,NE,Not Evaluated,B,Galliformes,Phasianidae,"Pheasants, Partridges and Grouse","Pheasants, partridges and grouse"
A877,Lyrurus tetrix britannicus,,Sub-species,B,N,N,N,Y-CTC-HTL,43300,4827,4827,4800,4900,cmales,I,D,LC,Depleted,B,VU,Threatened,B,Galliformes,Phasianidae,"Pheasants, Partridges and Grouse","Pheasants, partridges and grouse"
A878,Alectoris graeca all others,,Sub-species,B,N,Y-HTL,Y-HTL,N,186000,24085,36161,24000,36200,p,Unk,D,NT A2bcd+3bcd+4bcd,Near Threatened,C,NE,Not Evaluated,B,Galliformes,Phasianidae,"Pheasants, Partridges and Grouse","Pheasants, partridges and grouse"
A880,Puffinus lherminieri,[including baroli],,B,N,Y-CTC,N,N,4000,2502,5869,2500,5900,p,U,U,NT B2ab(iv); C1+2a(i),Near Threatened,C,NT,Near Threatened,B,Procellariiformes,Procellariidae,"Petrels, Storm-petrels and Shearwaters",Petrels and shearwaters
A882,Onychoprion fuscatus,,,B,N,N,N,N,4,1,1,1,1,p,Unk,Unk,CR D,Threatened,C,NE,Not Evaluated,B,Charadriiformes,Laridae,"Waders, Gulls and Auks",Gulls and terns
A884,Hydrobates monteiroi,,,B,N,Y-CTC,N,N,7,361,381,360,390,p,Unk,Unk,VU D1+2,Threatened,C,VU,Threatened,B,Procellariiformes,Hydrobatidae,"Petrels, Storm-petrels and Shearwaters",Northern storm-petrels
A885,Sternula albifrons,,,B,N,Y-CTC,N,N,100000,12666,18058,12600,18100,p,S,D,LC,Secure,A,LC,Secure,B,Charadriiformes,Laridae,"Waders, Gulls and Auks",Gulls and terns
A887,Uria aalge all others,,Sub-species,B,N,N,N,N,32300,1652828,1669072,1650000,1670000,i,I,I,LC,Secure,A,NE,Not Evaluated,B,Charadriiformes,Alcidae,"Waders, Gulls and Auks",Auks
A889,Mareca strepera,,,B,N,N,Y-CTC,N,546000,52410,77494,52400,77500,p,I,I,LC,Secure,A,LC,Secure,"B,W",Anseriformes,Anatidae,"Ducks, Geese and Swans","Ducks, geese and swans"
A891,Lagopus muta all others,,Sub-species,B,N,N,Y-HTL,N,102000,89000,209500,89000,210000,p,I,I,LC,Secure,A,NE,Not Evaluated,B,Galliformes,Phasianidae,"Pheasants, Partridges and Grouse","Pheasants, partridges and grouse"
A892,Zapornia parva,,,B,N,Y-CTC,N,N,54400,6023,16331,6000,16400,cmales,Unk,Unk,LC,Unknown,E,LC,Unknown,"B,W",Gruiformes,Rallidae,"Cranes, Rails, Gallinules and Coots","Rails, gallinules and coots"
A893,Zapornia pusilla,,,B,N,Y-CTC,N,N,9800,112,299,110,300,cmales,Unk,Unk,NT° D1,Near Threatened,C,NT°,Near Threatened,B,Gruiformes,Rallidae,"Cranes, Rails, Gallinules and Coots","Rails, gallinules and coots"
A894,Hydroprogne caspia,,,B,N,Y-CTC,N,N,34800,1733,2044,1700,2100,p,S,D,LC,Depleted,B,NT,Near Threatened,"B,W",Charadriiformes,Laridae,"Waders, Gulls and Auks",Gulls and terns
A897,Spilopelia senegalensis,,,B,N,N,N,N,600,65,73,60,80,p,Unk,I,NT°° D1,Near Threatened,C,NE,Not Evaluated,B,Columbiformes,Columbidae,Pigeons and Doves,Pigeons and doves
A898,Accipiter nisus all others,,Sub-species,B,N,N,N,N,2760000,198134,340842,198000,341000,p,S,I,LC,Secure,A,NE,Not Evaluated,B,Accipitriformes,Accipitridae,Hawks and Eagles,Hawks and eagles
A899,Accipiter gentilis all others,,Sub-species,B,N,N,N,N,1890000,56393,95298,56300,95300,p,D,D,LC,Secure,A,NE,Not Evaluated,B,Accipitriformes,Accipitridae,Hawks and Eagles,Hawks and eagles
A900,Melanitta nigra s. str.,sensu stricto [excluding americana],,B,N,N,N,Y,165000,6070,9883,6000,9900,p,Unk,I,LC,Unknown,E,LC,Secure,"B,W",Anseriformes,Anatidae,"Ducks, Geese and Swans","Ducks, geese and swans"
A907,Sylvia subalpina,,,B,N,N,N,N,65600,51048,132048,51000,133000,p,I,Unk,LC,Secure,A,NE,Not Evaluated,B,Passeriformes,Sylviidae,Passerines,Warblers
A909,Lyrurus tetrix,,Species-level,B,N,N,N,Y-CTC,954000,523441,867600,523000,868000,cmales,D,D,VU A2bcde+3bcde+4bcde,Threatened,C,LC,Depleted,B,Galliformes,Phasianidae,"Pheasants, Partridges and Grouse","Pheasants, partridges and grouse"
